BrandName,ProductName,ProductMRP,ProductSellingPrice,ProductRating,ProductRatingCount,Category,CategoryByGender,Unnamed: 0
Aretto,Kids Anti-Skid Shoes,Rs. 2899,Rs. 2609,4.5,232,Footwear,Kids,
Aretto,Kids Anti-Skid Slip-On Shoes,Rs. 2699,Rs. 2645,4.7,111,Footwear,Kids,
Crazyly,Boys Velcro Sneakers,Rs. 1799,Rs. 449,4.8,17,Footwear,Kids,
BAESD,Flatform Heel Pumps,Rs. 2499,Rs. 774,4.1,163,Footwear,Kids,
Aretto,Kids Expanding Anti-Skid Shoes,Rs. 2699,Rs. 2564,4.7,264,Footwear,Kids,
Star Fish,Unisex Kids Cotton Booties,Rs. 999,Rs. 319,0,0,Footwear,Kids,
Shoetopia,Girls Open Toe Flats,Rs. 1999,Rs. 799,4.4,26,Footwear,Kids,
Aretto,Kids Anti-Skid Slip-On Shoes,Rs. 3199,Rs. 2815,4.6,232,Footwear,Kids,
BAESD,Kids Colourblocked Sneakers,Rs. 2000,Rs. 400,4.3,984,Footwear,Kids,
KazarMax,Kids Anti-Skid School Sneakers,Rs. 2199,Rs. 1099,4.4,164,Footwear,Kids,
Puma,Boys Courtflex V2 Sneakers,Rs. 3299,Rs. 1484,4.6,189,Footwear,Kids,
Crazyly,Boys Velcro Sneakers,Rs. 1799,Rs. 449,4.7,55,Footwear,Kids,
BIRDE,Kids Printed LED Sneakers,Rs. 1499,Rs. 499,3.7,6,Footwear,Kids,
Aretto,Kids Anti-Skid Slip-On Shoes,Rs. 2999,Rs. 2939,4.5,54,Footwear,Kids,
FEETWELL SHOES,Kids Colourblocked Sneakers,Rs. 2000,Rs. 380,4.4,322,Footwear,Kids,
Liberty,Kids Velcro School Shoes,Rs. 799,Rs. 575,4.3,1.4k,Footwear,Kids,
Aretto,Kids Slip On Sneakers,Rs. 2999,Rs. 2939,4.8,60,Footwear,Kids,
Koburg,Unisex Kids Rubber Sliders,Rs. 2444,Rs. 499,4,242,Footwear,Kids,
BAESD,Kids Printed LED Sneakers,Rs. 2999,Rs. 629,4.2,1.3k,Footwear,Kids,
Aretto,Kids Colourblocked Sneakers,0,0,0,0,Footwear,Kids,
Liberty,Kids ALEX Printed Clogs,Rs. 899,Rs. 323,4.5,1.3k,Footwear,Kids,
HOOH Now Comfort in Fashion,Kids Lightweight Sneakers,Rs. 999,Rs. 499,4.3,206,Footwear,Kids,
Crocs,Girls Fisherman Sandals,Rs. 3995,Rs. 2556,4.6,26,Footwear,Kids,
ONYC,Unisex Kids PU Sneakers,Rs. 1299,Rs. 766,4.6,43,Footwear,Kids,
BAESD,Girls Embellished Wedges,Rs. 1299,Rs. 545,4.2,267,Footwear,Kids,
Aretto,Kids Slip On Sneakers,Rs. 3399,Rs. 3331,4.6,20,Footwear,Kids,
KATS,Kids Musical Sports Sandals,Rs. 699,Rs. 447,4.7,36,Footwear,Kids,
DOCTOR EXTRA SOFT,Kids Self Design Clogs,Rs. 1799,Rs. 498,4.8,16,Footwear,Kids,
Aretto,Kids Sunny Splash Sneakers,0,0,0,0,Footwear,Kids,
Liberty,Kids Printed Clogs,Rs. 799,Rs. 271,4.2,47,Footwear,Kids,
LMG Lifestyle,Kids Colourblocked Sneakers,Rs. 3199,Rs. 799,3.4,5,Footwear,Kids,
Aretto,Kids Colourblocked Sneakers,0,0,4.7,18,Footwear,Kids,
HOOH Now Comfort in Fashion,Kids Perforations Sneakers,Rs. 999,Rs. 499,4.3,175,Footwear,Kids,
ONYC,Unisex Kids Woven Design Slip-On Sneakers,Rs. 899,Rs. 530,3.9,55,Footwear,Kids,
Crocs,Kids Bayaband Solid Clogs,Rs. 4495,Rs. 2697,4.6,628,Footwear,Kids,
HOOH Now Comfort in Fashion,Kids Striped Slip-On Sneakers,Rs. 599,Rs. 299,3.1,93,Footwear,Kids,
ONYC,Unisex Kids Fashion,Rs. 899,Rs. 476,4.7,63,Footwear,Kids,
Nike,Air Force 1 Older Kids' Shoes,0,0,0,0,Footwear,Kids,
ASIAN,Unisex Kids Slip-On,Rs. 399,Rs. 367,4.3,14,Footwear,Kids,
Baby Moo,Infants Knitted Booties,Rs. 799,Rs. 647,4.6,54,Footwear,Kids,
Aretto,Kids Colourblocked Sneakers,0,0,0,0,Footwear,Kids,
HOOH Now Comfort in Fashion,Kids Printed Sneakers,Rs. 999,Rs. 499,4.1,124,Footwear,Kids,
Fame Forever by Lifestyle,Girls Printed Sneakers,Rs. 1299,Rs. 1169,0,0,Footwear,Kids,
Crocs,Unisex Kids Solid Clogs,Rs. 4495,Rs. 2697,4.7,388,Footwear,Kids,
Liberty,Kids Lightweight Sneakers,Rs. 2199,Rs. 549,4.1,103,Footwear,Kids,
Star Fish,Unisex Kids Cotton Booties,Rs. 999,Rs. 329,0,0,Footwear,Kids,
Crocs,Kids Bayaband Clogs,Rs. 4495,Rs. 2697,4.5,825,Footwear,Kids,
ONYC,Unisex Kids Woven Design Slip-On Sneakers,Rs. 899,Rs. 530,4.4,42,Footwear,Kids,
Dhairya Collection,Baby Booties,Rs. 799,Rs. 349,0,0,Footwear,Kids,
Crocs,Kids Solid Clogs,Rs. 2995,Rs. 2246,4.6,239,Footwear,Kids,
CULT,Gym Belt Fitness Supports,Rs. 1599,Rs. 959,0,0,Toys,Kids,
Speedo,Bubble Acitve Swimming Cap,0,0,4.2,120,Toys,Kids,
FEELHIGH,Kids Vinyl Face Labubu Toys,Rs. 999,Rs. 599,0,0,Toys,Kids,
LITTLE GINNIE,Cotton Soft Toy Soft Toys and Dolls,Rs. 999,Rs. 555,4.6,48,Toys,Kids,
URBAN TERRAIN,UT2000 Mountain Bicycle,Rs. 49990,Rs. 9998,0,0,Toys,Kids,
BAESD,Kids Non-Allergic Dog Soft Toy,0,0,0,0,Toys,Kids,
TOMKOT,Soft Toys and Dolls,Rs. 2000,Rs. 900,0,0,Toys,Kids,
URBAN TERRAIN,UT5000S27.5 Mountain Bicycle,Rs. 20000,Rs. 6400,0,0,Toys,Kids,
MiArcus,Kids Elephant Soft Toy,Rs. 999,Rs. 844,4.6,14,Toys,Kids,
AN TEDDY,Polyfill Soft Toy Soft Toys and Dolls,Rs. 999,Rs. 849,0,0,Toys,Kids,
Speedo,Unisex Long Hair Swimcap,0,0,4.1,9,Toys,Kids,
BESTIES,Non-Allergic Soft Toy Soft Toys and Dolls,Rs. 1299,Rs. 540,4.5,13,Toys,Kids,
LITTLE GINNIE,Kids Giraffe Soft Toys & Dolls,Rs. 999,Rs. 555,4.6,11,Toys,Kids,
Speedo,Unisex Flat Silicone Swim Cap,0,0,0,0,Toys,Kids,
MiArcus,Kids Bella Soft Toy,Rs. 2499,Rs. 1455,4.7,45,Toys,Kids,
AN TEDDY,Teddy Bears Soft Toys & Dolls,Rs. 1499,Rs. 1049,0,0,Toys,Kids,
Speedo,Unisex Silicon Moulded Cap,0,0,4.5,25,Toys,Kids,
MiArcus,Kids Mino Cloud Soft Toy,Rs. 499,Rs. 429,4.8,27,Toys,Kids,
MiArcus,Kids Solid Mia Soft Toy,Rs. 999,Rs. 449,4.3,10,Toys,Kids,
Speedo,Unisex Printed Swim Cap,0,0,0,0,Toys,Kids,
Pluchi,Kids Bunny Cotton Soft Toy,Rs. 599,Rs. 587,4.6,46,Toys,Kids,
MiArcus,Infants Pink Sophie Soft Toy,Rs. 599,Rs. 534,4.4,144,Toys,Kids,
URBAN TERRAIN,Bolt Ultra Mountain Bicycle,Rs. 25000,Rs. 8500,2.5,8,Toys,Kids,
DearJoy,Unisex Kids Elephant Pillow,Rs. 1000,Rs. 649,4.7,176,Toys,Kids,
DearJoy,Soft Toy Soft Toys and Dolls,Rs. 1000,Rs. 399,0,0,Toys,Kids,
Speedo,Unisex Flat Silicone Swim Cap,0,0,4.4,7,Toys,Kids,
DukieKooky,Kids Penguin Soft Toy,Rs. 499,Rs. 399,4.7,38,Toys,Kids,
MiArcus,Kids Peanuts Snoopy Soft Toy,Rs. 699,Rs. 300,4.4,47,Toys,Kids,
Speedo,Bubble Active Swimming Cap,0,0,4.5,25,Toys,Kids,
MiArcus,Kids Zophie Soft Toy,Rs. 599,Rs. 534,4.6,21,Toys,Kids,
TOMKOT,Labubu Monster Keychain,Rs. 2000,Rs. 900,4.2,6,Toys,Kids,
Speedo,Slogan Print Cap,0,0,0,0,Toys,Kids,
AN TEDDY,Polyfill Core Soft Toy,Rs. 2499,Rs. 1374,4.1,8,Toys,Kids,
DearJoy,Rabbit In Strawberry Soft Toy,Rs. 1000,Rs. 599,4.5,140,Toys,Kids,
Speedo,Unisex Printed Swim Cap,0,0,5,9,Toys,Kids,
DearJoy,Kids Elephant & Monkey Soft Toy,Rs. 1000,Rs. 549,4.4,352,Toys,Kids,
DukieKooky,Kids Cow Soft Toys,Rs. 799,Rs. 447,4.5,26,Toys,Kids,
URBAN TERRAIN,Bolt Pro Mountain Bicycle,Rs. 20000,Rs. 6400,0,0,Toys,Kids,
DearJoy,Kids Animal Elephant Soft Toy,Rs. 1000,Rs. 649,4.4,18,Toys,Kids,
Teddy Daddy,Toy Soft Toys and Dolls,0,0,0,0,Toys,Kids,
Speedo,Women Long Hair Swim Cap,0,0,4.6,15,Toys,Kids,
DearJoy,Elephant Shaped Baby Pillow,Rs. 1000,Rs. 649,4.3,48,Toys,Kids,
MiArcus,Kids Stampy Soft Toy,Rs. 799,Rs. 668,4.5,165,Toys,Kids,
URBAN TERRAIN,Bolt Ultra Mountain Bicycle,Rs. 25000,Rs. 10000,0,0,Toys,Kids,
DukieKooky,Kids Soft Doll,Rs. 1699,Rs. 747,4.5,145,Toys,Kids,
AN TEDDY,Teddy Bear Soft Toy,Rs. 2499,Rs. 1374,3,5,Toys,Kids,
URBAN TERRAIN,Bolt Pro Mountain Bike,Rs. 20000,Rs. 6400,0,0,Toys,Kids,
LITTLE GINNIE,Kids Peas In The Pods Soft Toy,Rs. 1600,Rs. 499,0,0,Toys,Kids,
Xivir,Microfibre Filled Non-Allergic Soft Toy Soft Toys and Dolls,Rs. 1299,Rs. 519,3.7,35,Toys,Kids,
CULT,Gym Gloves Camo L,0,0,4.6,44,Toys,Kids,
Tommy Hilfiger,Boys Colourblocked Polo Collar T-shirt,Rs. 2399,Rs. 1439,0,0,Tshirt,Kids,
RARE ONES,Boys Varsity Printed Pockets T-shirt,Rs. 1299,Rs. 1039,4.9,76,Tshirt,Kids,
Googo Gaaga,Boys Printed T-shirt,Rs. 1400,Rs. 349,4.3,1k,Tshirt,Kids,
Googo Gaaga,Kids Pack of 3 Printed T-shirt,Rs. 1400,Rs. 499,3.6,12,Tshirt,Kids,
Tommy Hilfiger,Boys Printed Cotton T-shirt,Rs. 2399,Rs. 1439,5,6,Tshirt,Kids,
Nap Chief,Kids Printed Cotton T-shirt,Rs. 790,Rs. 647,4.7,53,Tshirt,Kids,
DAMN GUD DG,Unisex Black Tshirts,Rs. 1000,Rs. 499,0,0,Tshirt,Kids,
RARE ONES,Boys Solid T-shirt,Rs. 999,Rs. 799,0,0,Tshirt,Kids,
DAMN GUD DG,Cotton Tshirts,Rs. 1000,Rs. 499,2.9,7,Tshirt,Kids,
Googo Gaaga,Kids Pack of 3 Printed T-shirt,Rs. 1400,Rs. 499,4,23,Tshirt,Kids,
RARE ONES,Boys Printed T-shirt,Rs. 999,Rs. 699,4.3,18,Tshirt,Kids,
H&M,Printed T-shirt,0,0,4.7,225,Tshirt,Kids,
United Colors of Benetton,Boys Solid Polo T-shirt,Rs. 999,Rs. 529,4.3,215,Tshirt,Kids,
RARE ONES,Boys Printed Oversized T-shirt,Rs. 1499,Rs. 899,4.8,6,Tshirt,Kids,
Nap Chief,Harry Potter Sequinned T-shirt,0,0,4.6,408,Tshirt,Kids,
HELLCAT,Boys Pack Of 3 Cotton T-shirt,Rs. 3897,Rs. 499,4.1,6.5k,Tshirt,Kids,
RARE ONES,Boys Printed Raw Edge Boxy T-shirt,Rs. 2699,Rs. 1619,0,0,Tshirt,Kids,
Googo Gaaga,Round Neck Printed T-shirt,Rs. 999,Rs. 249,4.2,2.5k,Tshirt,Kids,
DAMN GUD DG,Unisex Black Tshirts,Rs. 1000,Rs. 499,0,0,Tshirt,Kids,
RARE ONES,Boys Pockets T-shirt,Rs. 1699,Rs. 1274,0,0,Tshirt,Kids,
Marvel by Miss and Chief,Boys Printed Bio Finish T-shirt,Rs. 1499,Rs. 499,3.9,64,Tshirt,Kids,
Googo Gaaga,Kids Pack Of 2 Cotton T-shirt,Rs. 1400,Rs. 349,4.6,5,Tshirt,Kids,
RARE ONES,Boys Printed T-shirt,Rs. 999,Rs. 699,4.6,23,Tshirt,Kids,
United Colors of Benetton,Boys Solid Polo T-shirt,Rs. 999,Rs. 529,4.3,181,Tshirt,Kids,
dostitch,Boys Printed Football Jersey,0,0,0,0,Tshirt,Kids,
RARE ONES,Boys Printed Boxy T-shirt,Rs. 1499,Rs. 1199,4.7,6,Tshirt,Kids,
DAMN GUD DG,Unisex Black Tshirts,Rs. 1000,Rs. 499,0,0,Tshirt,Kids,
HELLCAT,Boys Pack Of 2 Cotton T-shirt,Rs. 2598,Rs. 311,3.9,1.4k,Tshirt,Kids,
RARE ONES,Boys Printed T-shirt,Rs. 1499,Rs. 1124,0,0,Tshirt,Kids,
DAMN GUD DG,Unisex Black Tshirts,Rs. 1000,Rs. 499,0,0,Tshirt,Kids,
United Colors of Benetton,Boys Solid Polo T-shirt,Rs. 999,Rs. 529,4.6,287,Tshirt,Kids,
RARE ONES,Boys Solid Round Neck T-shirt,Rs. 999,Rs. 799,4.4,21,Tshirt,Kids,
YK,Boys Printed Applique T-shirt,Rs. 1299,Rs. 532,2.3,9,Tshirt,Kids,
Marks & Spencer,Boys Typography Printed Applique T-shirt,Rs. 999,Rs. 539,0,0,Tshirt,Kids,
RARE ONES,Boys Printed Oversized T-shirt,Rs. 1699,Rs. 1359,0,0,Tshirt,Kids,
United Colors of Benetton,Boys Solid Polo T-shirt,Rs. 999,Rs. 529,4.6,261,Tshirt,Kids,
YUV,Kids Printed Applique T-shirt,Rs. 1799,Rs. 599,4,8,Tshirt,Kids,
RARE ONES,Boys Typography Printed Boxy T-shirt,Rs. 1499,Rs. 1199,0,0,Tshirt,Kids,
Googo Gaaga,Boys Printed T-shirt,Rs. 1400,Rs. 249,4.4,807,Tshirt,Kids,
United Colors of Benetton,Boys Polo Collar T-shirt,Rs. 1299,Rs. 571,4.7,114,Tshirt,Kids,
RARE ONES,Boys Round Neck Cotton T-shirt,Rs. 1499,Rs. 1124,0,0,Tshirt,Kids,
Googo Gaaga,Round Neck Printed T-shirt,Rs. 999,Rs. 249,4.4,2.3k,Tshirt,Kids,
HELLCAT,Boys Pack Of 3 Cotton T-shirt,Rs. 3897,Rs. 499,4,330,Tshirt,Kids,
RARE ONES,Boys Printed T-shirt,Rs. 999,Rs. 699,4.4,9,Tshirt,Kids,
H&M,Printed T-Shirt,0,0,4.7,103,Tshirt,Kids,
United Colors of Benetton,Boys Polo Collar T-Shirt,Rs. 999,Rs. 509,4.6,118,Tshirt,Kids,
RARE ONES,Boys Cotton Oversized T-shirt,Rs. 1699,Rs. 1274,0,0,Tshirt,Kids,
Marks & Spencer,Boys Pure Cotton T-shirt,Rs. 799,Rs. 503,4.7,24,Tshirt,Kids,
KiddoPanti,Kids High Neck Cotton T-shirt,Rs. 599,Rs. 479,4.4,325,Tshirt,Kids,
RARE ONES,Boys Printed T-shirt,Rs. 999,Rs. 699,4.8,8,Tshirt,Kids,
JUST LIKE,Kids Analogue Watch,Rs. 1199,Rs. 299,4.5,34,Watch,Kids,
Shocknshop,Kids Multi Function Watch,Rs. 1499,Rs. 464,4.4,521,Watch,Kids,
SWADESI STUFF,Kids Multi Function Watch,Rs. 2245,Rs. 394,4.5,51,Watch,Kids,
Shocknshop,Kids Digital Watch,Rs. 1499,Rs. 419,3.9,27,Watch,Kids,
Disney,Kids Digital Automatic Watch,Rs. 499,Rs. 399,4.1,10,Watch,Kids,
Shocknshop,Kids LED Analogue Watch,Rs. 1249,Rs. 387,4.5,108,Watch,Kids,
JUST LIKE,Unisex Kids Watch,Rs. 1199,Rs. 299,4.2,13,Watch,Kids,
Spiky,Unisex Kids Watch,Rs. 599,Rs. 497,4.5,2.5k,Watch,Kids,
ZOOP from TITAN,Unisex Kids Analogue Watch,0,0,4.7,218,Watch,Kids,
Shocknshop,Kids Dial & Analogue Watch,Rs. 1499,Rs. 464,4.3,437,Watch,Kids,
SWADESI STUFF,Kids Automatic Watch,Rs. 1995,Rs. 334,4.4,17,Watch,Kids,
Spiky,Kids Automatic Watch,Rs. 999,Rs. 449,3.8,69,Watch,Kids,
ZOOP from TITAN,Kids Spiderman Analogue Watch,Rs. 1295,Rs. 1165,4.5,102,Watch,Kids,
Spiky,Kids Analogue Watch,Rs. 999,Rs. 399,4.1,98,Watch,Kids,
V2A,Kids Multi Function Watch,Rs. 1799,Rs. 890,4.4,152,Watch,Kids,
Spiky,Multi Function Analogue Watch,Rs. 599,Rs. 497,4.5,44,Watch,Kids,
Spiky,Kids Pack Of 2 Digital Watch,Rs. 1998,Rs. 759,0,0,Watch,Kids,
ZOOP from TITAN,Kids Digital Watch,0,0,4.1,8,Watch,Kids,
Spiky,Kids Automatic Watch,Rs. 1299,Rs. 844,4.5,12,Watch,Kids,
ZOOP from TITAN,Kids Watch Watch,0,0,4.7,56,Watch,Kids,
Shocknshop,Unisex Kids Watch,Rs. 1999,Rs. 579,4.4,7,Watch,Kids,
SWADESI STUFF,Unisex Kids Multi Function Automatic Watch,Rs. 2245,Rs. 394,4.5,31,Watch,Kids,
Spiky,Kids Set Of 2 Analogue Watch,Rs. 3198,Rs. 799,0,0,Watch,Kids,
ZOOP from TITAN,Kids Analogue Watch,0,0,4.5,76,Watch,Kids,
Shocknshop,Kids Printed Analogue Watch,Rs. 1499,Rs. 464,4.2,264,Watch,Kids,
Spiky,Unisex Kids Function Watch,Rs. 599,Rs. 497,4.9,14,Watch,Kids,
ZOOP from TITAN,Unisex Kids Watch,Rs. 795,Rs. 715,4.9,11,Watch,Kids,
Shocknshop,Kids Multi Function Watch,Rs. 1299,Rs. 363,4,68,Watch,Kids,
Spiky,Unisex Kids Multi Function Watch,Rs. 599,Rs. 497,4.4,420,Watch,Kids,
V2A,Kids Multi Function Watch,Rs. 1299,Rs. 649,4.1,20,Watch,Kids,
ZOOP from TITAN,Kids Analogue Watch,0,0,4.7,19,Watch,Kids,
ZOOP from TITAN,Kids Analogue Watch,0,0,4.6,199,Watch,Kids,
Spiky,Unisex Kids Watch,Rs. 999,Rs. 399,4.2,62,Watch,Kids,
ZOOP from TITAN,Kids Analogue Watch,0,0,4.6,163,Watch,Kids,
V2A,Unisex Kids Multi Function Watch,Rs. 1899,Rs. 1090,4.1,82,Watch,Kids,
CARLINGTON,Kids Multi Function Watch,Rs. 4999,Rs. 1099,4.4,32,Watch,Kids,
Otage,Kids Multi Function Watch,Rs. 1999,Rs. 549,4.6,5,Watch,Kids,
SWADESI STUFF,Kids Analogue Automatic Watch,Rs. 1795,Rs. 315,3.8,5,Watch,Kids,
Spiky,Kids Light Dial Analogue Watch,Rs. 3198,Rs. 799,0,0,Watch,Kids,
V2A,Kids Synthetic Straps Watch,Rs. 1699,Rs. 1090,0,0,Watch,Kids,
Spiky,Kids Automatic Watch,Rs. 999,Rs. 449,3.7,38,Watch,Kids,
Spiky,Unisex Kids Automatic Watch,Rs. 1299,Rs. 844,4.7,40,Watch,Kids,
ZOOP from TITAN,Unisex Zoop watch,0,0,4.5,159,Watch,Kids,
Spiky,Kids Pack Of 2 Watch,Rs. 1998,Rs. 659,4.6,39,Watch,Kids,
ZOOP from TITAN,Kids Digital Watch,Rs. 1195,Rs. 956,4.6,13,Watch,Kids,
Marvel,Unisex Kids Automatic Watch,Rs. 499,Rs. 399,0,0,Watch,Kids,
Kool Kidz,Unisex Kids Watch,Rs. 550,Rs. 495,4.1,27,Watch,Kids,
SWADESI STUFF,Unisex Kids Multi Function Automatic Watch,Rs. 2245,Rs. 394,3.7,32,Watch,Kids,
Spiky,Kids Pack Of 2 Watch,Rs. 1998,Rs. 1098,4.8,13,Watch,Kids,
Spiky,Kids Dial & Straps Watch,Rs. 999,Rs. 399,3.9,7,Watch,Kids,
Converse,Unisex Chuck Taylor All Star,0,0,4.6,769,Casual Shoe,Men,
Converse,Unisex Chuck 70 Sneakers,0,0,4.7,299,Casual Shoe,Men,
HRX by Hrithik Roshan,Unisex Back To School Shoes,Rs. 3699,Rs. 999,4.3,1.4k,Casual Shoe,Men,
Red Tape,Men Textured Sneakers,Rs. 6999,Rs. 1399,4.2,106,Casual Shoe,Men,
GULLY LABS,Men Sneakers,0,0,0,0,Casual Shoe,Men,
Red Tape,Men Round Toe Sneakers,Rs. 7199,Rs. 1295,4.4,1.6k,Casual Shoe,Men,
HRX by Hrithik Roshan,Men Lace-Up Sneakers,Rs. 3699,Rs. 1117,3.9,109,Casual Shoe,Men,
ADIDAS Originals,Men Campus 00S Sneakers,Rs. 10999,Rs. 6599,4.3,108,Casual Shoe,Men,
Red Tape,Men PU Sneakers,Rs. 6299,Rs. 1133,4.5,504,Casual Shoe,Men,
ASIAN,Men Colourblocked Sneakers,Rs. 1499,Rs. 869,3.8,2.5k,Casual Shoe,Men,
Tommy Hilfiger,Men Leather Loafers,Rs. 9599,Rs. 7679,4.6,9,Casual Shoe,Men,
Red Tape,Men Colourblocked PU Sneakers,Rs. 6299,Rs. 1133,4.5,321,Casual Shoe,Men,
Red Tape,Men Round Toe Sneakers,Rs. 7199,Rs. 1295,4.4,1k,Casual Shoe,Men,
Converse,Unisex Chuck Taylor All Star,0,0,4.7,1.4k,Casual Shoe,Men,
Killer,Men Sneakers With Thick Sole,Rs. 2999,Rs. 699,3.8,8,Casual Shoe,Men,
Red Tape,Men PU Lace-Ups Sneakers,Rs. 6599,Rs. 1187,4.4,520,Casual Shoe,Men,
Tommy Hilfiger,Men Leather SlipOn Espadrilles,Rs. 9599,Rs. 7679,3.8,6,Casual Shoe,Men,
Mast & Harbour,Men Round Toe Suede Loafers,Rs. 2499,Rs. 974,4.2,2.9k,Casual Shoe,Men,
Red Tape,Men Lace Up High Top Sneakers,Rs. 6699,Rs. 1339,4.4,4.3k,Casual Shoe,Men,
Lacoste,Lace Ups Round Toe Sneakers,Rs. 11700,Rs. 7020,4.7,9,Casual Shoe,Men,
Red Tape,Men Colourblocked Sneakers,Rs. 7699,Rs. 1385,4.5,57,Casual Shoe,Men,
Red Tape,Men Colourblocked Sneakers,Rs. 7699,Rs. 1385,4.1,10,Casual Shoe,Men,
Tommy Hilfiger,Square Toe Leather Loafers,Rs. 9599,Rs. 7679,4.3,6,Casual Shoe,Men,
Red Tape,Men PU Sneakers,Rs. 7099,Rs. 1277,4.3,551,Casual Shoe,Men,
Red Tape,Men Colourblocked Sneakers,Rs. 7699,Rs. 1385,4.6,178,Casual Shoe,Men,
U.S. Polo Assn.,Men Classic Sneakers,Rs. 3199,Rs. 1631,4.3,2.2k,Casual Shoe,Men,
Red Tape,Men Round Toe Sneakers,Rs. 7299,Rs. 1313,4.5,1.6k,Casual Shoe,Men,
Campus,Men PU Sneakers,Rs. 3299,Rs. 1599,4.4,260,Casual Shoe,Men,
ADIDAS Originals,Men Samba OG Casual Shoes,0,0,4.4,732,Casual Shoe,Men,
Red Tape,Men Round Toe Sneakers,Rs. 7299,Rs. 1313,4.5,451,Casual Shoe,Men,
Red Tape,Men Perforations Sneakers,Rs. 6699,Rs. 1339,4.4,4.8k,Casual Shoe,Men,
Egoss,Men Leather Loafers,Rs. 7999,Rs. 3999,3.1,14,Casual Shoe,Men,
Red Tape,Men Perforations PU Sneakers,Rs. 6699,Rs. 1339,4.3,4.4k,Casual Shoe,Men,
Red Tape,Men Round Toe Sneakers,Rs. 7099,Rs. 1277,4.4,2.4k,Casual Shoe,Men,
Converse,Unisex Chuck Taylor All Star,0,0,4.6,327,Casual Shoe,Men,
Red Tape,Men Colourblocked Sneakers,Rs. 6999,Rs. 1259,4.3,481,Casual Shoe,Men,
Red Tape,Men Textured Sneakers,Rs. 6699,Rs. 1205,4.4,392,Casual Shoe,Men,
Kenneth Cole,Premium Comfort Leather Shoes,Rs. 6299,Rs. 3149,4,21,Casual Shoe,Men,
Red Tape,Men Round Toe Sneakers,Rs. 6399,Rs. 1151,4.4,1k,Casual Shoe,Men,
Red Tape,Men Colourblocked PU Sneakers,Rs. 6599,Rs. 1187,4.6,39,Casual Shoe,Men,
Lacoste,Round Toe Lace Ups Sneakers,Rs. 11700,Rs. 5850,4.4,18,Casual Shoe,Men,
Roadster,Men Lightweight Sneakers,Rs. 3299,Rs. 699,3.8,197,Casual Shoe,Men,
Red Tape,Men Sneakers,Rs. 6599,Rs. 1187,4.4,3.2k,Casual Shoe,Men,
Converse,Unisex Run Star Hike Sneakers,Rs. 6999,Rs. 6299,4.5,113,Casual Shoe,Men,
Red Tape,Men Colourblocked Sneakers,Rs. 6699,Rs. 1205,4.4,5k,Casual Shoe,Men,
Flying Machine,Men Joell Sneakers,Rs. 3199,Rs. 1279,4.5,48,Casual Shoe,Men,
ADIDAS Originals,Men Leather Campus 00S Sneaker,Rs. 10999,Rs. 6049,4.1,50,Casual Shoe,Men,
Bata,Men Mario Horsebit Loafers,Rs. 999,Rs. 689,4.4,61,Casual Shoe,Men,
Campus,Men Perforations Sneakers,Rs. 1799,Rs. 999,4.2,1.4k,Casual Shoe,Men,
Converse,Unisex Sport Casual,0,0,4.3,9,Casual Shoe,Men,
Pepe Jeans,Men Mid-Rise Jeans,Rs. 2299,Rs. 1899,4.2,74,Jeans,Men,
Pepe Jeans,Men Stretchable Jeans,Rs. 2299,Rs. 1899,4.4,571,Jeans,Men,
Urbano Fashion,Men Slim Fit Jeans,Rs. 1399,Rs. 489,4,21.8k,Jeans,Men,
Mast & Harbour,Men Slim Tapered Jeans,Rs. 2499,Rs. 724,3.7,3.1k,Jeans,Men,
Calvin Klein Jeans,Men Slim Fit Jeans,Rs. 9999,Rs. 4999,0,0,Jeans,Men,
Roadster,Men Pure Cotton Jeans,Rs. 2499,Rs. 1149,3.6,726,Jeans,Men,
HIGHLANDER,Men Slim Fit Jeans,Rs. 1299,Rs. 480,3.8,13.4k,Jeans,Men,
WROGN,Men Cargo Anti Fit Jeans,Rs. 2999,Rs. 1709,4.1,19,Jeans,Men,
Urbano Fashion,Men Relaxed Fit Jeans,Rs. 2099,Rs. 734,4,3.9k,Jeans,Men,
Marks & Spencer,Men Light Fade Cotton Jeans,0,0,0,0,Jeans,Men,
Flying Machine,Men Tapered Fit Jeans,Rs. 2399,Rs. 1559,4.2,43,Jeans,Men,
Thomas Scott,Men Bootcut Jeans,Rs. 3499,Rs. 999,4,332,Jeans,Men,
Mast & Harbour,Men Relaxed Fit Jeans,Rs. 3399,Rs. 999,4.1,538,Jeans,Men,
Jack & Jones,Men Low-Rise Jeans,Rs. 6999,Rs. 3849,0,0,Jeans,Men,
HIGHLANDER,Men Relaxed Fit Mid-Rise Jeans,Rs. 2749,Rs. 604,3.5,162,Jeans,Men,
Urbano Fashion,Men Relaxed Fit Cotton Jeans,Rs. 2399,Rs. 839,4,369,Jeans,Men,
Jack & Jones,Men Slim Fit Low-Rise Jeans,Rs. 3999,Rs. 1999,3.8,26,Jeans,Men,
Bene Kleed,Relaxed Fit Denim Jeans,Rs. 2299,Rs. 758,4.1,5k,Jeans,Men,
WROGN,Men Skinny Fit Mid Rise Jeans,Rs. 1999,Rs. 879,4.1,364,Jeans,Men,
Louis Philippe Jeans,Men Slim Fit Mid-Rise Jeans,Rs. 2999,Rs. 1769,4.2,520,Jeans,Men,
glitchez,Men Loose Baggy Jeans,Rs. 1399,Rs. 839,3.7,160,Jeans,Men,
Urbano Fashion,Men Slim Fit Clean Look Jeans,Rs. 1399,Rs. 489,4.1,1.9k,Jeans,Men,
U.S. Polo Assn. Denim Co.,Men Tapered Crop Fit Jeans,Rs. 2299,Rs. 1494,4.5,24,Jeans,Men,
HIGHLANDER,Men Tapered Fit Mid-Rise Jeans,Rs. 2949,Rs. 648,3,32,Jeans,Men,
HIGHLANDER,Men Tapered Fit Jeans,Rs. 1999,Rs. 699,3.3,119,Jeans,Men,
Flying Machine,Men Crinkle Stretchable Jeans,Rs. 2999,Rs. 1559,4,58,Jeans,Men,
StyleCast x Revolte,Wide Leg Medium Shade Jeans,Rs. 3499,Rs. 1189,3.8,60,Jeans,Men,
Mast & Harbour,Men Relaxed Fit Jeans,Rs. 3399,Rs. 999,4,569,Jeans,Men,
Louis Philippe Jeans,Men Slim Fit Low-Rise Jeans,Rs. 2999,Rs. 1649,4.1,894,Jeans,Men,
Levis,Men Slim Fit Mid-Rise Jeans,Rs. 2899,Rs. 1159,4.1,163,Jeans,Men,
glitchez,Men Loose Fit Jeans,Rs. 2199,Rs. 923,3.5,37,Jeans,Men,
U.S. Polo Assn. Denim Co.,Men Slim Straight Fit Jeans,Rs. 2699,Rs. 1619,4.5,13,Jeans,Men,
Stylecast X Kotty,Regular Fit Stretchable Jeans,Rs. 1999,Rs. 519,3.5,125,Jeans,Men,
HIGHLANDER,Men Slim Fit Jeans,Rs. 1899,Rs. 683,4,7.9k,Jeans,Men,
Jack & Jones,Men Wide Leg High-Rise Jeans,Rs. 3999,Rs. 3399,0,0,Jeans,Men,
HIGHLANDER,Men Stretchable Jeans,Rs. 2049,Rs. 450,3.9,759,Jeans,Men,
HERE&NOW,Men Straight Fit Jeans,Rs. 3599,Rs. 1007,4.2,5,Jeans,Men,
Flying Machine,Men Tapered Fit Jeans,Rs. 2299,Rs. 1218,4.4,69,Jeans,Men,
HIGHLANDER,Men Relaxed Fit Mid-Rise Jeans,Rs. 2949,Rs. 648,3.7,95,Jeans,Men,
Mast & Harbour,Men Straight Fit Mid-Rise Jeans,Rs. 1699,Rs. 713,4.2,12,Jeans,Men,
Louis Philippe Jeans,Men Slim Fit Low-Rise Jeans,Rs. 3299,Rs. 1946,4,392,Jeans,Men,
HERE&NOW,Men Baggy Pure Cotton Jeans,Rs. 2999,Rs. 1259,4.3,7,Jeans,Men,
Urbano Fashion,Men Relaxed Fit Cotton Jeans,Rs. 2399,Rs. 839,3.9,320,Jeans,Men,
Jack & Jones,Men Mid-Rise Clean Look Jeans,0,0,4.1,28,Jeans,Men,
The Indian Garage Co,Men Slim Fit Jeans,Rs. 2299,Rs. 896,3.8,2.6k,Jeans,Men,
Bene Kleed,Men Wide Leg Jeans,Rs. 2599,Rs. 883,3.5,83,Jeans,Men,
Louis Philippe Jeans,Men Slim Fit Mid-Rise Jeans,Rs. 2599,Rs. 1429,3.9,34,Jeans,Men,
Mast & Harbour,Men Stretchable Jeans,Rs. 2299,Rs. 804,3.5,373,Jeans,Men,
HIGHLANDER,Men Fit Mid rise Jeans,Rs. 2199,Rs. 483,3.8,583,Jeans,Men,
U.S. Polo Assn. Denim Co.,Men Skinny Cropped Fit Jeans,Rs. 2299,Rs. 1379,4.4,52,Jeans,Men,
Jompers,Embroidered Cotton Silk Kurta,Rs. 3849,Rs. 769,4,807,Kurta,Men,
Anouk,Men Geometric Printed Short Kurta,Rs. 2199,Rs. 725,4.2,3.5k,Kurta,Men,
VASTRAMAY,Men Geometric Printed Kurta,Rs. 1999,Rs. 1399,0,0,Kurta,Men,
Jompers,Men Embroidered Kurta,Rs. 2799,Rs. 699,4.2,2.1k,Kurta,Men,
Anouk,Men Striped Straight Kurta,Rs. 2299,Rs. 666,4.3,1.5k,Kurta,Men,
VASTRAMAY,Men Kurta,Rs. 2399,Rs. 1679,0,0,Kurta,Men,
Anouk,Men Pure Cotton Kurta,Rs. 1999,Rs. 659,3.9,923,Kurta,Men,
Jompers,Embroidered Cotton Silk Kurta,Rs. 3849,Rs. 769,4,821,Kurta,Men,
VASTRAMAY,Men Geometric Kurta,Rs. 2399,Rs. 1679,0,0,Kurta,Men,
Anouk,Men Ethnic Motifs Printed Kurta,Rs. 2099,Rs. 755,4.2,1.5k,Kurta,Men,
HERE&NOW,Men Short Kurta,Rs. 1899,Rs. 721,4.4,3.9k,Kurta,Men,
VASTRAMAY,Men Yoke Design Kurta,Rs. 2199,Rs. 1539,0,0,Kurta,Men,
House of Pataudi,Embellished Straight Kurta,Rs. 3099,Rs. 999,4,36,Kurta,Men,
Anouk,Geometric Sequinned Kurta,Rs. 3599,Rs. 971,4.3,777,Kurta,Men,
Anouk,Striped Cotton Straight Kurta,Rs. 2599,Rs. 857,3.7,22,Kurta,Men,
Jompers,Chikankari Sequined Kurta,Rs. 5699,Rs. 911,4.3,1.3k,Kurta,Men,
FILORI STUDIO,Pure Cotton Printed Kurta,Rs. 2599,Rs. 961,3.3,55,Kurta,Men,
House of Pataudi,Embroidered Rozana Kurta,Rs. 2499,Rs. 1249,0,0,Kurta,Men,
Sangria,Men Solid Straight Kurta,Rs. 7549,Rs. 981,4,134,Kurta,Men,
Jompers,Men Embroidered Kurta,Rs. 2799,Rs. 699,4.1,1.2k,Kurta,Men,
Anouk Rustic,Floral Printed Straight Kurta,Rs. 2199,Rs. 747,0,0,Kurta,Men,
HERE&NOW,Striped Printed Cotton Short Kurta,Rs. 1899,Rs. 759,4.4,1.2k,Kurta,Men,
Diwas by Manyavar,Printed Mandarin Collar Kurta,0,0,4.6,61,Kurta,Men,
VASTRAMAY,Men Quirky Printed Kurta,Rs. 1799,Rs. 1259,0,0,Kurta,Men,
HERE&NOW,Men Embroidered Kurta,Rs. 3999,Rs. 959,4.3,2.5k,Kurta,Men,
Anouk,Men Striped Short Kurta,Rs. 1999,Rs. 639,4.3,1.6k,Kurta,Men,
Jompers,Men Ethnic Motifs Cotton Kurta,Rs. 2599,Rs. 727,3.8,1.2k,Kurta,Men,
Jompers,Men Floral Printed Kurta,Rs. 2699,Rs. 620,3.8,298,Kurta,Men,
Anouk,Men Geometric Printed Short Kurta,Rs. 1999,Rs. 639,4.3,328,Kurta,Men,
House of Pataudi,Pure Cotton Jashn Kurta,Rs. 3299,Rs. 1352,0,0,Kurta,Men,
Jompers,Embroidered Straight Kurta,Rs. 3950,Rs. 790,4.2,3.6k,Kurta,Men,
HERE&NOW,Men Embroidered Kurta,Rs. 3999,Rs. 879,4.4,3.5k,Kurta,Men,
Jompers,Men Floral Embroidered Kurta,Rs. 7449,Rs. 1638,3.9,19,Kurta,Men,
CHARLOTTE GRACIOUS,Men Floral Printed Kurta,Rs. 3999,Rs. 749,3.5,36,Kurta,Men,
Anouk,Men Printed Short Kurta,Rs. 2199,Rs. 747,4.1,633,Kurta,Men,
VASTRAMAY,Men Floral Printed Kurta,Rs. 1999,Rs. 1399,0,0,Kurta,Men,
Anouk,Men Ethnic Motifs Printed Short Kurta,Rs. 2199,Rs. 637,4.2,2.9k,Kurta,Men,
Anouk,Floral Printed Straight Kurta,Rs. 2799,Rs. 979,4.1,242,Kurta,Men,
VASTRAMAY,Men Striped Kurta,Rs. 2199,Rs. 1539,0,0,Kurta,Men,
House of Pataudi,Embroidered Sequins Kurta,Rs. 2999,Rs. 899,4.3,347,Kurta,Men,
Anouk,Men Ethnic Motifs Printed Kurta,Rs. 1499,Rs. 644,4.1,880,Kurta,Men,
Jompers,Embroidered Straight Kurta,Rs. 9399,Rs. 2819,3.6,7,Kurta,Men,
Jompers,Men Geometric Embroidered Kurta,Rs. 3699,Rs. 739,4.2,79,Kurta,Men,
Anouk,Men Geometric Printed Short Kurta,Rs. 2199,Rs. 659,4.3,2k,Kurta,Men,
VASTRAMAY,Plus Size Printed Kurta,Rs. 1999,Rs. 1399,0,0,Kurta,Men,
HERE&NOW,Striped Cotton Short Kurta,Rs. 1899,Rs. 759,4,813,Kurta,Men,
Jompers,Printed Ombre Straight Kurta,Rs. 2699,Rs. 620,4,204,Kurta,Men,
VASTRAMAY,Yoke Design Straight Kurta,Rs. 2699,Rs. 1376,4.2,149,Kurta,Men,
Anouk,Men Striped Kurta,Rs. 1899,Rs. 493,4.2,569,Kurta,Men,
HERE&NOW,Men Liva Kurta,Rs. 3999,Rs. 999,4.1,451,Kurta,Men,
Titan,Elixir 1.19 AMOLED Smartwatch,0,0,4.9,7,Smart Watch,Unisex,
Titan,,Rs. 12995,Rs. 12495,0,0,Smart Watch,Unisex,
CMF by Nothing,"Watch pro 2 with 1.32"" AMOLED",Rs. 5999,Rs. 4999,4.5,1.1k,Smart Watch,Unisex,
Boult,Thrux HD Smartwatch,Rs. 7999,Rs. 2199,4,206,Smart Watch,Unisex,
Titan,Celestor AMOLED Smartwatch,Rs. 9995,Rs. 8199,5,5,Smart Watch,Unisex,
Boult,Thrux HD Smartwatch,Rs. 7999,Rs. 2199,3.9,141,Smart Watch,Unisex,
Boult,"Rover Pro 1.43"" Smart Watch",Rs. 10999,Rs. 1999,4,235,Smart Watch,Unisex,
Titan,Elixir 1.19 AMOLED Smartwatch,Rs. 13995,Rs. 12499,0,0,Smart Watch,Unisex,
CMF by Nothing,"Watch pro 2 with 1.32"" AMOLED",Rs. 5999,Rs. 4999,4.5,445,Smart Watch,Unisex,
Fastrack,FS1 Pro With BT Calling Watch,Rs. 7995,Rs. 2995,4.3,76,Smart Watch,Unisex,
Titan,Valerie 1.19 AMOLED Smartwatch,Rs. 11495,Rs. 8999,4.6,8,Smart Watch,Unisex,
CMF by Nothing,Watch Pro with 1.96 AMOLED,Rs. 5999,Rs. 4499,4.3,2.1k,Smart Watch,Unisex,
Boult,Crown R Pro Health Tracker,Rs. 6999,Rs. 2399,4.2,149,Smart Watch,Unisex,
Titan,Valerie 1.19 AMOLED Smartwatch,0,0,0,0,Smart Watch,Unisex,
Boult,Rover Pro 1.43 SmartWatch,Rs. 9999,Rs. 1999,3.9,103,Smart Watch,Unisex,
NOISE,Pulse 4 Max Smartwatch,Rs. 6999,Rs. 1899,3,12,Smart Watch,Unisex,
Titan,Celestor AMOLED Smartwatch,0,0,0,0,Smart Watch,Unisex,
Boult,Mirage Smart Watch,Rs. 4999,Rs. 1799,3.6,29,Smart Watch,Unisex,
NOISE,Evolve 3 Smartwatch,Rs. 6999,Rs. 2199,4.2,535,Smart Watch,Unisex,
Titan,Smart 3 BT Calling SmartWatch,Rs. 11995,Rs. 4999,4.2,26,Smart Watch,Unisex,
NOISE,Evolve 3 Smartwatch,Rs. 6999,Rs. 2199,4.1,379,Smart Watch,Unisex,
NOISE,Pulse 4 Max Smartwatch,Rs. 6999,Rs. 1899,4.4,16,Smart Watch,Unisex,
Titan,"Evolution 1.85"" Smartwatch",0,0,0,0,Smart Watch,Unisex,
Boult,Pyro Smartwatch,Rs. 7999,Rs. 2499,3.8,32,Smart Watch,Unisex,
Boult,"Trail Pro 2.01"" 3D Smart Watch",Rs. 6999,Rs. 1799,4.1,65,Smart Watch,Unisex,
Titan,Maestro 1.43 AMOLED Smartwatch,0,0,0,0,Smart Watch,Unisex,
NOISE,ColorFit Ultra 3 Smartwatch,Rs. 8999,Rs. 2999,4.5,60,Smart Watch,Unisex,
Boult,"Trail Pro 2.01"" 3D Smart Watch",Rs. 6999,Rs. 1799,4.3,59,Smart Watch,Unisex,
Fastrack,Marvellous FX2 Smartwatch,Rs. 9995,Rs. 6499,0,0,Smart Watch,Unisex,
NOISE,ColorFit Pro 4 Smart Watch,Rs. 7999,Rs. 1799,4.6,11,Smart Watch,Unisex,
NOISE,Pulse 4 Max Smartwatch,Rs. 6999,Rs. 1899,4.5,6,Smart Watch,Unisex,
Titan,Heritage AMOLED Smartwatch,0,0,0,0,Smart Watch,Unisex,
NOISE,ColorFit Icon 4 Smartwatch,Rs. 6999,Rs. 2199,4.1,224,Smart Watch,Unisex,
Timex,Unisex Smartwatch,Rs. 7495,Rs. 3747,3.5,15,Smart Watch,Unisex,
Titan,Smart 3 AMOLED Smartwatch,Rs. 11995,Rs. 4999,0,0,Smart Watch,Unisex,
Timex,Iconnect EVO+ Smartwatch,Rs. 5495,Rs. 2747,4.3,58,Smart Watch,Unisex,
NOISE,1.1AMOLED Display Smart Watch,Rs. 5999,Rs. 2299,3,13,Smart Watch,Unisex,
Titan,"Evolution 1.85"" Smartwatch",0,0,0,0,Smart Watch,Unisex,
NOISE,ColorFit Pro 5 Max Smartwatch,Rs. 9999,Rs. 3999,4.3,80,Smart Watch,Unisex,
CMF by Nothing,Watch Pro with 1.96 AMOLED,Rs. 5999,Rs. 4499,4.4,676,Smart Watch,Unisex,
Titan,Maestro 1.43 AMOLED Smartwatch,Rs. 14495,Rs. 12495,0,0,Smart Watch,Unisex,
Boult,Crown R Pro Health Tracker,Rs. 6999,Rs. 2399,4.2,92,Smart Watch,Unisex,
Fastrack,FS1 Pro With BT Calling Watch,Rs. 7995,Rs. 2995,4.4,123,Smart Watch,Unisex,
Boult,Dire Smart Watch,Rs. 4999,Rs. 1499,4.3,67,Smart Watch,Unisex,
Boult,"Trail Pro 2.01"" 3D Smart Watch",Rs. 6999,Rs. 1599,4.3,32,Smart Watch,Unisex,
NOISE,Unisex Halo 2 Smartwatch,Rs. 6999,Rs. 4899,4.5,13,Smart Watch,Unisex,
Fastrack,Styler FS1 Pro Smartwatch,Rs. 4999,Rs. 2499,4.4,17,Smart Watch,Unisex,
Fire-Boltt,Crusader Amoled 1.43BT Calling,Rs. 18999,Rs. 2799,4.4,514,Smart Watch,Unisex,
CMF by Nothing,Watch Pro with 1.96 AMOLED,Rs. 5999,Rs. 4499,4.3,271,Smart Watch,Unisex,
Titan,"Evolution 1.85"" Smartwatch",0,0,0,0,Smart Watch,Unisex,
UNDER ARMOUR,Phantom 4 Men Sports Shoes,0,0,4.4,9,Sports Shoe,Men,
Skechers,Men Go Run Consistent Shoes,Rs. 5499,Rs. 3299,4.4,3k,Sports Shoe,Men,
HRX by Hrithik Roshan,Unisex Running Shoes,Rs. 2999,Rs. 999,4.3,288,Sports Shoe,Men,
WROGN,Men Walking Shoes,Rs. 2499,Rs. 1499,0,0,Sports Shoe,Men,
ADIDAS,Men Breaknet 2.0IKD Basketball,Rs. 5999,Rs. 2999,4.3,175,Sports Shoe,Men,
WROGN,Men Running Shoes,Rs. 3299,Rs. 1517,4.3,18,Sports Shoe,Men,
ASICS,Men Gel-Contend B+ Running,Rs. 4299,Rs. 2149,4.2,567,Sports Shoe,Men,
ASICS,Men GT-1000 12 Running Shoes,Rs. 8999,Rs. 4949,4.2,25,Sports Shoe,Men,
ADIDAS,Men Adivat Running Shoes,Rs. 3299,Rs. 1649,4.3,2.7k,Sports Shoe,Men,
WROGN,Men Running Shoes,Rs. 3299,Rs. 1517,3.7,19,Sports Shoe,Men,
ASICS,Men GEL-PULSE 15 Running Shoes,Rs. 8999,Rs. 5399,4.4,72,Sports Shoe,Men,
HRX by Hrithik Roshan,Men Memory Foam Running Shoes,Rs. 2999,Rs. 999,4.1,10.1k,Sports Shoe,Men,
Puma,FlexJet Lite Men Running Shoes,Rs. 3999,Rs. 2199,3.8,112,Sports Shoe,Men,
ADIDAS,Men Ultraboost 1.0 Running,Rs. 17999,Rs. 9899,3.5,32,Sports Shoe,Men,
HRX by Hrithik Roshan,Unisex Running Shoes,Rs. 2999,Rs. 999,4.1,181,Sports Shoe,Men,
Puma,Men Cricket Shoes,Rs. 4999,Rs. 1999,4.2,940,Sports Shoe,Men,
UNDER ARMOUR,Phantom 4 Men Sports Shoes,0,0,0,0,Sports Shoe,Men,
Campus,Men Running Shoes,Rs. 1999,Rs. 1249,4.3,7.5k,Sports Shoe,Men,
WROGN,Men Walking Shoes,Rs. 2499,Rs. 1499,0,0,Sports Shoe,Men,
UNDER ARMOUR,UA Fat Tire Venture Men Shoes,0,0,4.4,5,Sports Shoe,Men,
Puma,Indoor Sports Shoes,Rs. 4999,Rs. 2249,4.2,5k,Sports Shoe,Men,
Kalenji By Decathlon,Men JOGFLOW 100.1 Run Shoes,Rs. 2999,Rs. 2599,4.3,513,Sports Shoe,Men,
ASICS,Men Gel-Sonoma 8 Running Shoes,Rs. 7999,Rs. 4799,4.4,28,Sports Shoe,Men,
ASICS,Men Gel Zaraca 5 B Run Shoes,Rs. 4999,Rs. 2499,4.1,497,Sports Shoe,Men,
ADIDAS,Men Vl Court 3.0 Training Shoe,Rs. 6999,Rs. 3499,4.5,192,Sports Shoe,Men,
ADIDAS,Men Ultraboost 1.0 Run Shoes,Rs. 17999,Rs. 8819,3.8,156,Sports Shoe,Men,
Nike,Downshifter 12 Men's Shoes,0,0,4.4,66,Sports Shoe,Men,
WROGN,Men Striped Running Shoes,Rs. 3299,Rs. 1517,2.9,8,Sports Shoe,Men,
Skechers,GO WALK Massage Fit Men Shoes,0,0,4.1,18,Sports Shoe,Men,
Campus,Men Running Shoes,Rs. 1899,Rs. 1249,4.3,6.9k,Sports Shoe,Men,
ADIDAS,MOULD 3 LOUNGER Men Shoes,Rs. 6999,Rs. 3149,4.4,112,Sports Shoe,Men,
Campus,Lace-Ups Running Shoes,Rs. 3499,Rs. 1599,4.2,36,Sports Shoe,Men,
HRX by Hrithik Roshan,HRX-235 02 Running Shoes,Rs. 3999,Rs. 1117,3.9,108,Sports Shoe,Men,
Nike,Run Defy Running Shoes,Rs. 3995,Rs. 3595,4.3,75,Sports Shoe,Men,
ASICS,Men Court Reflex Tennis Shoes,Rs. 5999,Rs. 2999,4.4,64,Sports Shoe,Men,
Red Tape,Men Walking Shoes,Rs. 7299,Rs. 1459,4.3,372,Sports Shoe,Men,
Nike,Run Defy Men's Running Shoes,Rs. 3995,Rs. 3595,4.5,58,Sports Shoe,Men,
ADIDAS,Men Terrex Trekking Shoes,Rs. 8599,Rs. 4729,4.7,29,Sports Shoe,Men,
NIVIA,Men SAFARI Football Shoes,Rs. 1499,Rs. 974,4,31,Sports Shoe,Men,
ADIDAS,Men Breaknet 2.0IKD Basketball,Rs. 6599,Rs. 3299,4.1,105,Sports Shoe,Men,
ASICS,Men Running Shoes,Rs. 5999,Rs. 2999,4.1,59,Sports Shoe,Men,
Puma,Indoor Sports Shoes,Rs. 4999,Rs. 2249,4.3,1.9k,Sports Shoe,Men,
HRX by Hrithik Roshan,Men Active Running Shoes,Rs. 6999,Rs. 1599,0,0,Sports Shoe,Men,
Skechers,GO RUN CONSISTENT 2.0 Shoes,0,0,4.3,11,Sports Shoe,Men,
Reebok,Unisex Billington Run Shoes,Rs. 4999,Rs. 2749,0,0,Sports Shoe,Men,
Puma,Unisex Lace-Ups Shoes,Rs. 4999,Rs. 2749,0,0,Sports Shoe,Men,
Skechers,Men GO RUN PULSE 2 Running,Rs. 6999,Rs. 4199,3.7,34,Sports Shoe,Men,
HRX by Hrithik Roshan,Men Running Shoes,Rs. 4999,Rs. 1249,4.5,27,Sports Shoe,Men,
Puma,ProFoam Fuego Res Men Shoes,Rs. 6999,Rs. 2799,3.4,65,Sports Shoe,Men,
Skechers,Men Slip-Ins Go Walk Walking,Rs. 8999,Rs. 8549,4.4,19,Sports Shoe,Men,
Calvin Klein Jeans,Men Striped Cotton T-shirt,Rs. 5599,Rs. 3919,4.2,5,Tshirt,Men,
Calvin Klein Jeans,Men Solid Cotton Polo T-shirt,Rs. 4999,Rs. 2649,0,0,Tshirt,Men,
Levis,Solid Lounge T-shirt,Rs. 649,Rs. 369,4.3,3.4k,Tshirt,Men,
Campus Sutra,Men Self Design Cotton T-shirt,Rs. 1699,Rs. 645,4.4,498,Tshirt,Men,
Calvin Klein Jeans,Men Striped Polo Collar T-shirt,Rs. 5599,Rs. 3919,0,0,Tshirt,Men,
Levis,Solid Lounge T-shirt,Rs. 649,Rs. 369,4.4,3.4k,Tshirt,Men,
Levis,Solid Lounge T-shirt,Rs. 649,Rs. 369,4.4,1.5k,Tshirt,Men,
U.S. Polo Assn.,Pure Cotton Slim Fit T-shirt,Rs. 1499,Rs. 974,4.5,146,Tshirt,Men,
Campus Sutra,Men Solid Cotton Polo T-shirt,Rs. 1699,Rs. 645,4,167,Tshirt,Men,
U.S. Polo Assn.,Men Comfort-Fit Lounge T-Shirt,Rs. 799,Rs. 559,4.4,644,Tshirt,Men,
ADIDAS,Arsenal 24/25 Away Jersey,Rs. 5999,Rs. 3239,4.6,98,Tshirt,Men,
FTX,Men Solid Black T-shirt,Rs. 330,Rs. 99,0,0,Tshirt,Men,
Campus Sutra,Men Self Design Cotton T-shirt,Rs. 1699,Rs. 645,4.4,146,Tshirt,Men,
HRX by Hrithik Roshan,Slim Rapid Dry Raglan T-shirt,Rs. 899,Rs. 305,4.3,16.1k,Tshirt,Men,
Puma,Drycell Sports T-shirt,Rs. 999,Rs. 499,4.5,46,Tshirt,Men,
HIGHLANDER,Unisex Oversized Tshirt,Rs. 1249,Rs. 449,4,23,Tshirt,Men,
Louis Philippe Jeans,Men Pure Cotton T-shirt,Rs. 1999,Rs. 1379,4.4,389,Tshirt,Men,
Kook N Keech,Men Polo Collar T-shirt,Rs. 1999,Rs. 199,4,124,Tshirt,Men,
Pepe Jeans,Crew Neck Lounge Tshirt,Rs. 799,Rs. 479,4.5,13,Tshirt,Men,
Tommy Hilfiger,Polo Collar Cotton T-shirt,Rs. 3599,Rs. 2699,0,0,Tshirt,Men,
U.S. Polo Assn.,Printed Lounge T-shirt,Rs. 899,Rs. 719,4.3,476,Tshirt,Men,
glitchez,Relaxed Fit T-shirt,Rs. 1199,Rs. 299,4.8,5,Tshirt,Men,
Allen Solly,Relaxed Pure Cotton T-shirt,Rs. 1599,Rs. 847,4.6,57,Tshirt,Men,
DAMENSCH,Pure Cotton Lounge T-shirt,Rs. 799,Rs. 647,4.5,422,Tshirt,Men,
FTX,Men Self Design T-shirt,Rs. 330,Rs. 99,0,0,Tshirt,Men,
Nautica,Pure Cotton Brand Logo T-shirt,Rs. 999,Rs. 419,4.6,56,Tshirt,Men,
U.S. Polo Assn.,MEN PURE COTTON T-SHIRT,Rs. 799,Rs. 519,4.4,388,Tshirt,Men,
Jack & Jones,Men Solid Lounge T-shirt,Rs. 699,Rs. 384,4.1,135,Tshirt,Men,
Louis Philippe Jeans,Polo Collar Slim Fit T-shirt,Rs. 1499,Rs. 1124,4.3,825,Tshirt,Men,
Levis,Solid V-Neck Lounge T-shirt,Rs. 649,Rs. 421,4.4,1.7k,Tshirt,Men,
Genzy,Men Self Design Polo T-shirt,Rs. 2499,Rs. 499,3,1.1k,Tshirt,Men,
U.S. Polo Assn.,Pure Cotton Slim Fit T-shirt,Rs. 1899,Rs. 1139,4.2,49,Tshirt,Men,
Maniac,Striped Round Neck T-shirt,Rs. 1569,Rs. 486,4.2,3k,Tshirt,Men,
HRX by Hrithik Roshan,Training Rapid-Dry Tshirts,Rs. 899,Rs. 323,4.2,4.2k,Tshirt,Men,
Louis Philippe Jeans,Pure Cotton Slim Fit T-shirt,Rs. 1999,Rs. 1379,4.4,312,Tshirt,Men,
Pepe Jeans,Men Lounge T-Shirt,Rs. 799,Rs. 543,0,0,Tshirt,Men,
NOBERO,Oversized Printed T-shirt,Rs. 1799,Rs. 479,4.4,4.2k,Tshirt,Men,
Louis Philippe Jeans,Polo Collar Slim Fit T-shirt,Rs. 1499,Rs. 824,4.4,935,Tshirt,Men,
Jack & Jones,Round Neck Lounge T-shirt,Rs. 699,Rs. 384,3.7,38,Tshirt,Men,
DAMENSCH,Statement Waffle Tank Tops,Rs. 799,Rs. 751,4.5,201,Tshirt,Men,
U.S. Polo Assn.,Pure Cotton Slim Fit T-shirt,Rs. 1499,Rs. 974,4.2,140,Tshirt,Men,
BROWN BROTHERS,Unisex Cotton Pockets T-shirt,Rs. 1299,Rs. 469,4.1,12,Tshirt,Men,
Levis,Solid Round Lounge T-shirt,Rs. 649,Rs. 369,4.3,1.6k,Tshirt,Men,
Louis Philippe Sport,Cotton Slim Fit T-shirt,Rs. 1599,Rs. 943,4.6,488,Tshirt,Men,
Levis,Solid Lounge T-shirt,Rs. 649,Rs. 395,4.3,1.7k,Tshirt,Men,
DILLINGER,Men Solid Regular Fit T-shirt,Rs. 999,Rs. 329,4.4,574,Tshirt,Men,
U.S. Polo Assn.,Pure Cotton Slim Fit T-shirt,Rs. 1899,Rs. 1139,4.5,42,Tshirt,Men,
NOBERO,Men Printed T-shirt,Rs. 1799,Rs. 499,4.4,1.2k,Tshirt,Men,
Puma,Men Pure Cotton T-Shirt,Rs. 999,Rs. 549,4.1,286,Tshirt,Men,
U.S. Polo Assn.,Pure Cotton Slim Fit T-shirt,Rs. 1499,Rs. 899,4.3,206,Tshirt,Men,
BROWN BEAR,Leather Two Fold Wallet,Rs. 2390,Rs. 2151,4.3,60,Wallet,Men,
Calvin Klein,Men Leather Two Fold Wallet,0,0,0,0,Wallet,Men,
Steve Jhonson,Men Wallets,Rs. 1999,Rs. 1499,0,0,Wallet,Men,
Steve Jhonson,Men Wallets,Rs. 1999,Rs. 1499,0,0,Wallet,Men,
Lacoste,Abstract PU Card Holder,Rs. 6650,Rs. 3990,0,0,Wallet,Men,
Steve Jhonson,Men Wallets,Rs. 1999,Rs. 1499,0,0,Wallet,Men,
Steve Jhonson,Men Wallets,Rs. 1999,Rs. 1499,0,0,Wallet,Men,
Teakwood Leathers,Solid Zip Around Wallet,Rs. 1999,Rs. 599,4.3,1.7k,Wallet,Men,
AQUATAN,Men Wallets,Rs. 1999,Rs. 1799,0,0,Wallet,Men,
Steve Jhonson,Men Wallets,Rs. 3999,Rs. 1699,0,0,Wallet,Men,
Allen Solly,Men Leather Zip Around Wallet,Rs. 1599,Rs. 639,4.5,228,Wallet,Men,
Teakwood Leathers,Men Solid Brown Leather Wallet,Rs. 2375,Rs. 712,4.4,581,Wallet,Men,
Hayes London,Men Wallets Genuine Leather,Rs. 2999,Rs. 959,4.9,9,Wallet,Men,
WATCHSTAR,Zip Detail Leather Card Holder,Rs. 1999,Rs. 275,3.6,159,Wallet,Men,
Hayes London,Men Wallets Genuine Leather,Rs. 1499,Rs. 674,0,0,Wallet,Men,
Steve Jhonson,Men Wallets,Rs. 1999,Rs. 1499,0,0,Wallet,Men,
WildHorn,Men Leather Two Fold Wallet,Rs. 2699,Rs. 296,4.2,659,Wallet,Men,
Steve Jhonson,Men Wallets,Rs. 1999,Rs. 1499,0,0,Wallet,Men,
Peter England,Men Leather Fashion Wallets,0,0,0,0,Wallet,Men,
WildHorn,Leather Two Fold Wallet,Rs. 1999,Rs. 479,4.4,1.8k,Wallet,Men,
Hayes London,Men Wallets Genuine Leather,Rs. 2999,Rs. 959,0,0,Wallet,Men,
Steve Jhonson,Men Wallets,Rs. 1999,Rs. 1499,0,0,Wallet,Men,
WildHorn,Men Leather Two Fold Wallet,Rs. 2699,Rs. 296,4.3,681,Wallet,Men,
Hayes London,Men Pack of 2 Wallets Genuine Leather,Rs. 2999,Rs. 1169,0,0,Wallet,Men,
Hayes London,Men Wallets Genuine Leather,Rs. 1499,Rs. 674,4.3,11,Wallet,Men,
Allen Solly,Leather Two Fold Wallet,Rs. 1299,Rs. 519,4.8,6,Wallet,Men,
Hayes London,Men Wallets Genuine Leather,Rs. 1499,Rs. 554,3.1,7,Wallet,Men,
Steve Jhonson,Men Wallets,Rs. 1999,Rs. 1499,0,0,Wallet,Men,
Hidesign,Men Leather Two Fold Wallet,0,0,4.8,42,Wallet,Men,
GBK,Men Leather Wallets,Rs. 3549,Rs. 1064,0,0,Wallet,Men,
Hayes London,Men Wallets Genuine Leather,Rs. 2999,Rs. 959,0,0,Wallet,Men,
Mochi,Leather Two Fold Wallet,Rs. 1090,Rs. 719,4.4,49,Wallet,Men,
Hayes London,Men Wallets Genuine Leather,Rs. 1499,Rs. 554,0,0,Wallet,Men,
CONTACTS,Men Leather Wallets,Rs. 2499,Rs. 1074,3.9,27,Wallet,Men,
Louis Philippe,Men Solid Two Fold Wallet,Rs. 2299,Rs. 1149,4.4,673,Wallet,Men,
Hayes London,Men Wallets Genuine Leather,Rs. 1499,Rs. 674,3.9,7,Wallet,Men,
Steve Jhonson,Men Wallets,Rs. 1999,Rs. 1499,0,0,Wallet,Men,
WildHorn,Leather Two Fold Wallet,Rs. 1999,Rs. 299,4.5,430,Wallet,Men,
Hayes London,Men Wallets Genuine Leather,Rs. 1499,Rs. 674,3.2,6,Wallet,Men,
Hayes London,Men Wallets Genuine Leather,Rs. 2999,Rs. 959,4.6,13,Wallet,Men,
Allen Solly,Men Leather Two Fold Wallet,Rs. 1499,Rs. 599,0,0,Wallet,Men,
Hayes London,Men Wallets Genuine Leather,Rs. 2999,Rs. 959,0,0,Wallet,Men,
Hayes London,Men Wallets Genuine Leather,Rs. 2999,Rs. 959,4.3,11,Wallet,Men,
Hidesign,Men Two Fold Leather Wallet,0,0,4.7,30,Wallet,Men,
Hayes London,Men Wallets Genuine Leather,Rs. 2999,Rs. 959,0,0,Wallet,Men,
Hayes London,Men Wallets Genuine Leather,Rs. 2999,Rs. 959,0,0,Wallet,Men,
Louis Philippe,Men Leather Two Fold Wallet,Rs. 1799,Rs. 989,4.4,2k,Wallet,Men,
Hayes London,Men Wallets Genuine Leather,Rs. 2999,Rs. 959,4.6,12,Wallet,Men,
Steve Jhonson,Men Wallets,Rs. 1999,Rs. 1499,0,0,Wallet,Men,
WildHorn,Leather Two Fold Wallet,Rs. 1999,Rs. 299,4.3,195,Wallet,Men,
U.S. Polo Assn.,Pack Of 2 Printed Trunk,Rs. 699,Rs. 629,4.5,87,Trunk,Men,0
Van Heusen Innerwear,Pack of2 Antibacterial Trunks,Rs. 588,Rs. 523,4.4,5.2k,Trunk,Men,1
U.S. Polo Assn.,Men Solid Trunks,Rs. 369,Rs. 306,4.3,8.6k,Trunk,Men,2
Jockey,Super Combed Cotton Trunk,0,0,4.5,2.8k,Trunk,Men,3
Calvin Klein,3-Pack Mid-Rise Short Trunks,0,0,4.3,265,Trunk,Men,4
Jockey,Men Cotton Trunks,0,0,4.4,4.2k,Trunk,Men,5
XYXX,Men Pack Of 2 Cotton Trunks,Rs. 638,Rs. 427,4.3,2.9k,Trunk,Men,6
DAMENSCH,Pack Of 3 Deo-Cotton Trunks,Rs. 1045,Rs. 909,4.7,184,Trunk,Men,7
Jockey,Men Pack of 2 Cotton Briefs,0,0,4.4,7.5k,Trunk,Men,8
Jockey,Super Combed Cotton Trunk,0,0,4.4,5.8k,Trunk,Men,9
DAMENSCH,Pack Of 3 Deo Cotton Trunk,Rs. 949,Rs. 892,4.6,1k,Trunk,Men,10
XYXX,Men Solid Cotton Trunk,Rs. 319,Rs. 248,4.3,5.8k,Trunk,Men,11
Jockey,Men Printed Cotton Trunk,0,0,4.5,3.5k,Trunk,Men,12
XYXX,Men Pack Of 3 Cotton Trunks,Rs. 957,Rs. 629,4.3,1.1k,Trunk,Men,13
Jockey,Cotton Basic Briefs,0,0,4.4,8.8k,Trunk,Men,14
Jockey,Printed Ultra Soft Trunk,0,0,4.5,596,Trunk,Men,15
DAMENSCH,Pack of 2 Deo Cotton Trunks,Rs. 695,Rs. 576,4.5,809,Trunk,Men,16
Jockey,Men Cotton Trunks,0,0,4.4,2k,Trunk,Men,17
Levis,Smartskin Technology Trunks,Rs. 329,Rs. 220,4.2,3.3k,Trunk,Men,18
DAMENSCH,Pack Of 3 Deo Cotton Trunk,Rs. 1045,Rs. 909,4.5,609,Trunk,Men,19
Jockey,Men Pack of 2 Cotton Briefs,0,0,4.5,1.4k,Trunk,Men,20
Jockey,Men Super Combed Cotton Trunk,0,0,4.6,393,Trunk,Men,21
U.S. Polo Assn.,Pack Of 3 Cotton Trunks,Rs. 949,Rs. 835,4.4,231,Trunk,Men,22
U.S. Polo Assn.,Men Solid Cotton Trunks,Rs. 369,Rs. 276,4.2,1.7k,Trunk,Men,23
Jockey,Men Pack of 2 Cotton Briefs,0,0,4.4,9.2k,Trunk,Men,24
Marks & Spencer,5 Pcs Mid Rise Trunks,0,0,0,0,Trunk,Men,25
Jockey,Printed Combed Cotton Trunk,0,0,4.6,389,Trunk,Men,26
DAMENSCH,Men Solid Deo-Cotton Trunk,Rs. 349,Rs. 310,4.5,3.4k,Trunk,Men,27
Calvin Klein Underwear,3Pc Low Rise Short Trunks,Rs. 2699,Rs. 1889,0,0,Trunk,Men,28
Levis,Pack Of 2 Cotton Trunk,Rs. 699,Rs. 426,4.3,2k,Trunk,Men,29
Jockey,Super Combed Cotton Trunk,0,0,4.5,1.5k,Trunk,Men,30
U.S. Polo Assn.,Pack Of 3 Printed Trunks,Rs. 1149,Rs. 1034,4.1,254,Trunk,Men,31
XYXX,Men Pack of 2 Solid Trunks,Rs. 538,Rs. 499,4.3,1.1k,Trunk,Men,32
Jockey,Super Combed Cotton Trunk,0,0,4.5,1.5k,Trunk,Men,33
Jack & Jones,Pack Of 2 Outer Elastic Trunks,Rs. 899,Rs. 809,4,47,Trunk,Men,34
XYXX,Pack of 2 Solid Cotton Trunks,Rs. 638,Rs. 427,4.3,2.6k,Trunk,Men,35
Jockey,Printed Ultrasoft Trunk,0,0,4.6,251,Trunk,Men,36
U.S. Polo Assn.,2-Pc Breathability Trunks,Rs. 699,Rs. 629,4.5,229,Trunk,Men,37
U.S. Polo Assn.,Men Solid Cotton Trunk,Rs. 369,Rs. 295,4.3,2k,Trunk,Men,38
Jockey,Super Combed Cotton Trunk,0,0,4.5,1.4k,Trunk,Men,39
Jack & Jones,Men Pack Of 2 Printed Trunk,Rs. 1499,Rs. 1349,4.6,8,Trunk,Men,40
Jockey,Combed Cotton Basic Briefs,0,0,4.4,6.1k,Trunk,Men,41
XYXX,Men Solid Cotton Trunks,Rs. 319,Rs. 248,4.3,2.3k,Trunk,Men,42
U.S. Polo Assn.,Pack Of 3 Printed Trunks,Rs. 1149,Rs. 976,4.4,336,Trunk,Men,43
HRX by Hrithik Roshan,Pack Of 2 Trunks,0,0,0,0,Trunk,Men,44
Jockey,Men Solid Trunks,0,0,4.5,1.3k,Trunk,Men,45
DAMENSCH,Lightweight Unreal Trunks,Rs. 699,Rs. 580,4.6,527,Trunk,Men,46
Levis,Pack of 2 Cotton Briefs,Rs. 479,Rs. 296,4.2,2.4k,Trunk,Men,47
Levis,Pack of 2 Assorted Trunks,Rs. 778,Rs. 466,3.7,494,Trunk,Men,48
DAMENSCH,Pack Of 2 Deo-Soft Trunks,Rs. 1179,Rs. 1143,4.5,853,Trunk,Men,49
JBL,GO3 ECO Bluetooth Speaker,Rs. 4499,Rs. 2499,4.6,33,Speaker,General,0
BOULT AUDIO,Bassbox Q5 Bluetooth Speaker,Rs. 2999,Rs. 999,4.1,60,Speaker,General,1
Portronics,Beats III 200W Party Speaker,Rs. 12999,Rs. 8499,4,11,Speaker,General,2
Portronics,Dual Wireless Microphone,Rs. 2999,Rs. 2199,2.6,13,Speaker,General,3
JBL,GO4 Ultra-Portable Speakers,Rs. 5499,Rs. 3999,4.7,44,Speaker,General,4
JBL,Charge 5 Wifi & BT Speaker,Rs. 26999,Rs. 17999,3.8,11,Speaker,General,5
Saregama,Digital Music Player,Rs. 7690,Rs. 7490,4.4,33,Speaker,General,6
JBL,Clip 4 Portable BT Speaker,Rs. 5499,Rs. 3999,4.9,42,Speaker,General,7
JBL,Flip 5 Portable Speaker,Rs. 11999,Rs. 7999,4.8,13,Speaker,General,8
Portronics,Iron Beats Wireless Speaker,Rs. 29999,Rs. 14999,4.2,5,Speaker,General,9
JBL,GO4 Ultra-Portable Speakers,Rs. 5499,Rs. 3999,4.5,13,Speaker,General,10
BOSE,SoundLink Revolve+ 2 Speaker,0,0,0,0,Speaker,General,11
Saregama,Premium Portable Music Player,Rs. 8190,Rs. 7990,4.3,44,Speaker,General,12
JBL,Clip 4 Portable BT Speaker,Rs. 5499,Rs. 3999,4.4,34,Speaker,General,13
Portronics,Pure Sound 108 Soundbar,Rs. 14999,Rs. 4999,0,0,Speaker,General,14
Portronics,Bluetooth Soundbar Speaker,Rs. 1999,Rs. 899,4,367,Speaker,General,15
Portronics,Portable Bluetooth Speaker,Rs. 3999,Rs. 2599,4,74,Speaker,General,16
Portronics,Wireless Bluetooth Speaker,Rs. 9999,Rs. 5999,4.5,19,Speaker,General,17
HAMMER,5W Bluetooth Speaker,Rs. 3499,Rs. 699,4.1,206,Speaker,General,18
boAt,Aavante Bar Theme,Rs. 22990,Rs. 8999,0,0,Speaker,General,19
Portronics,Apollo One 20W Speaker,Rs. 2499,Rs. 1449,4,54,Speaker,General,20
boAt,Stone 358 Type C Speaker,Rs. 3490,Rs. 1799,4.5,15,Speaker,General,21
Portronics,20W Portable Bluetooth Speaker,Rs. 3499,Rs. 2099,4.4,340,Speaker,General,22
NOISE,Vibe 2 5W Wireless Speaker,Rs. 3499,Rs. 1099,4.3,76,Speaker,General,23
boAt,Aavante Bar Speakers,Rs. 7990,Rs. 4499,3.6,5,Speaker,General,24
Portronics,Speaker With Bluetooth,Rs. 2499,Rs. 999,4.2,307,Speaker,General,25
Saregama,Portable Music Player,Rs. 2990,Rs. 2490,4.4,35,Speaker,General,26
Sony,ULT Field 1 Bluetooth Speaker,Rs. 16990,Rs. 9699,4.5,19,Speaker,General,27
BLAUPUNKT,20W Wireless PA Speaker,Rs. 4999,Rs. 1199,4.3,15,Speaker,General,28
boAt,Stone 352 Pro Speaker,Rs. 4990,Rs. 1899,0,0,Speaker,General,29
Portronics,SoundDrum110W Portable Speaker,Rs. 2499,Rs. 999,4.1,436,Speaker,General,30
Portronics,Portable Bluetooth Speaker,Rs. 3999,Rs. 2799,3.7,26,Speaker,General,31
Saregama,Bluetooth Speaker,Rs. 2990,Rs. 2490,4.2,51,Speaker,General,32
Portronics,SoundDrum Portable Speaker,Rs. 2499,Rs. 899,4.2,70,Speaker,General,33
Saregama,Carvaan Mini Gurbani,Rs. 2990,Rs. 2490,4.5,26,Speaker,General,34
Portronics,Pure Sound 107 Soundbar,Rs. 14999,Rs. 6699,0,0,Speaker,General,35
Saregama,Portable Digital Music Player,Rs. 7190,Rs. 6990,4.5,121,Speaker,General,36
Saregama,Carvaan Mini Speakers,Rs. 2990,Rs. 2490,4.1,8,Speaker,General,37
Saregama,Music Player Speaker,0,0,4,23,Speaker,General,38
Portronics,SoundDrum P 20W Speaker,Rs. 3999,Rs. 2099,4.4,148,Speaker,General,39
Portronics,Vlogmate Dual Mic,Rs. 2999,Rs. 1799,3.2,5,Speaker,General,40
boAt,Aavante Bar 480 Speaker,0,0,0,0,Speaker,General,41
Portronics,Breeze Wireless Speaker,Rs. 3999,Rs. 2652,3.6,33,Speaker,General,42
BLAUPUNKT,Atomik Lytz 90 W Speaker,Rs. 32999,Rs. 9499,0,0,Speaker,General,43
Sony,SRS-XB100 Bluetooth Speaker,Rs. 5990,Rs. 4490,3.8,24,Speaker,General,44
Portronics,Wireless Bluetooth Speaker,Rs. 9999,Rs. 4999,4.5,19,Speaker,General,45
Portronics,X2 Bluetooth Speakers- 80W,Rs. 9999,Rs. 4299,3.9,19,Speaker,General,46
Sony,ULT Field 1 Bluetooth Speaker,Rs. 16990,Rs. 10990,4.6,27,Speaker,General,47
Sony,ULT Field 1 Bluetooth Speaker,Rs. 16990,Rs. 10990,4.8,17,Speaker,General,48
Portronics,Bluetooth Soundbar Speakers,Rs. 9999,Rs. 5299,3.9,25,Speaker,General,49
Veet,Women Full Body Trimmer,Rs. 1999,Rs. 1599,4.3,213,Trimmer,Unisex,
VEGA,,Rs. 2699,Rs. 1349,4.4,1.4k,Trimmer,Unisex,
Philips,BT3101/15 Beard Trimmer,Rs. 1495,Rs. 1016,4.2,24k,Trimmer,Unisex,
BOMBAE,Sensitive 6-in-1 Trimmer,0,0,4.4,1.1k,Trimmer,Unisex,
VEGA,Men Turbolite Beard Trimmer,Rs. 949,Rs. 474,4.1,1.3k,Trimmer,Unisex,
Mi,Men 2C Beard Trimmer,Rs. 1999,Rs. 1099,4.4,754,Trimmer,Unisex,
Philips,MG3732/65 All-in-One Trimmer,Rs. 1945,Rs. 1653,4.2,1.5k,Trimmer,Unisex,
Bombay Shaving Company,Men Power Groomer Trimmer,Rs. 2000,Rs. 1200,4.1,642,Trimmer,Unisex,
VEGA,VHTH-31 SmartOne Beard Trimmer,Rs. 1599,Rs. 767,4.1,694,Trimmer,Unisex,
Bombay Shaving Company,Power Play NXT Beard Trimmer,Rs. 1000,Rs. 650,4.4,3.1k,Trimmer,Unisex,
Bombay Shaving Company,Power Styler Beard Trimmer,Rs. 1199,Rs. 851,4.2,3.7k,Trimmer,Unisex,
Mi,Men All-In-One Grooming Kit,Rs. 3299,Rs. 1583,4.3,167,Trimmer,Unisex,
VGR,Limited Edition Hair Clipper,Rs. 2299,Rs. 1379,4.5,23,Trimmer,Unisex,
Bombay Shaving Company,Men Power Play Nxt Trimmer,Rs. 1000,Rs. 600,4.4,819,Trimmer,Unisex,
VGR,V-071 Hair Clipper,Rs. 1399,Rs. 883,4.4,85,Trimmer,Unisex,
Philips,BT3301/30 Beard Trimmer,Rs. 1699,Rs. 1444,4.4,1.3k,Trimmer,Unisex,
WINSTON,WSBT-101 Snipper Beard Trimmer,Rs. 1799,Rs. 899,0,0,Trimmer,Unisex,
Philips,SkinProtect Beard Trimmer,Rs. 1295,Rs. 1100,4.3,3.7k,Trimmer,Unisex,
VEGA,4 In 1 Trimmer -VHBT-03,Rs. 1999,Rs. 1499,3.9,578,Trimmer,Unisex,
WINSTON,Waterproof Trimmer- Grey,Rs. 1999,Rs. 999,0,0,Trimmer,Unisex,
Philips,HP6388/00 Precision Trimmer,Rs. 2195,Rs. 1690,4.2,3.4k,Trimmer,Unisex,
NOVA,NHT 1073/05 USB Trimmer,Rs. 999,Rs. 669,4,1.2k,Trimmer,Unisex,
WINSTON,All In One Blade Trimmer,Rs. 2399,Rs. 1199,0,0,Trimmer,Unisex,
BEARDO,ApeX Go Pocket Trimmer,Rs. 1199,Rs. 851,4.5,124,Trimmer,Unisex,
VGR,V-290 Hair Clipper,Rs. 1599,Rs. 976,4,52,Trimmer,Unisex,
PAINLESS,Rechargeable Bikini Trimmer,Rs. 1999,Rs. 799,4.8,6,Trimmer,Unisex,
VGR,V-937 Hair Trimmer,Rs. 1799,Rs. 1139,4.2,35,Trimmer,Unisex,
Philips,Set of 2 Replaceable Blades,Rs. 1549,Rs. 1347,4.5,928,Trimmer,Unisex,
Agaro,CR3001 Callus Remover,Rs. 1699,Rs. 985,4.4,422,Trimmer,Unisex,
BOMBAE,4-in-1 Eyebrow & Face Trimmer,0,0,4.4,224,Trimmer,Unisex,
BEARDO,Men ApeX Prime 3-in-1 Trimmer,Rs. 1499,Rs. 1004,4.2,381,Trimmer,Unisex,
BEARDO,Men Solid Ape-X Trimmer,Rs. 1499,Rs. 1004,4.2,2.3k,Trimmer,Unisex,
Havells,BT6111 Beard Trimmer,Rs. 1695,Rs. 1000,4.1,141,Trimmer,Unisex,
VGR,V-055 Hair Trimmer,Rs. 1299,Rs. 807,4.4,32,Trimmer,Unisex,
VEGA,Men VHTH-25 Beard Trimmer,Rs. 1099,Rs. 824,4.2,587,Trimmer,Unisex,
VGR,Limited Edition Hair Clipper,Rs. 2499,Rs. 1487,3.3,14,Trimmer,Unisex,
WINSTON,Nut Groomer 2.0 Body Trimmer,Rs. 4499,Rs. 1799,4.3,67,Trimmer,Unisex,
Gillette,Proglide 4-in-1 Styler,Rs. 999,Rs. 799,3.9,913,Trimmer,Unisex,
Philips,MG3724/30 Multigroomer,Rs. 1895,Rs. 1364,4.4,4.7k,Trimmer,Unisex,
Agaro,Nose & Ear Hair Trimmer,Rs. 1299,Rs. 792,0,0,Trimmer,Unisex,
BEARDO,Men Ninja-X Pro Vacuum Trimmer,Rs. 2499,Rs. 999,4,142,Trimmer,Unisex,
TRIMFINITY,GlidePro Body Trimmer,Rs. 2999,Rs. 1799,4.6,10,Trimmer,Unisex,
VEGA,Mystic Lady Shaver VHLS 02,Rs. 2199,Rs. 1539,4.1,331,Trimmer,Unisex,
VEGA,VHTH-30 SmartOne Beard Trimmer,Rs. 1799,Rs. 989,4.2,169,Trimmer,Unisex,
VEGA,Men VHTH-33 Cleanball Trimmer,Rs. 2499,Rs. 1574,4.2,56,Trimmer,Unisex,
PAINLESS,Electric Bikini Trimer,Rs. 2499,Rs. 874,0,0,Trimmer,Unisex,
VEGA,VHTH-27 Power Series Trimmer,Rs. 1399,Rs. 1035,4.2,391,Trimmer,Unisex,
PAINLESS,Eyebrow & Facial Hair Trimmer,Rs. 1999,Rs. 659,0,0,Trimmer,Unisex,
WAHL,Men Moser 1400 Clipper,Rs. 2999,Rs. 1319,4.1,1.3k,Trimmer,Unisex,
SIGNAXO,4 in 1 Hair Shaver & Trimmer,Rs. 2490,Rs. 1792,5,5,Trimmer,Unisex,
Realme,Wireless 3 with 30dB ANC,Rs. 2999,Rs. 1199,4.4,4.8k,Headphone,General,
OnePlus,Buds 3 With Upto 49dB ANC,Rs. 6499,Rs. 5499,4.6,5.3k,Headphone,General,
OnePlus,Wireless Z3 Neck Band,Rs. 1999,Rs. 1699,4.5,117,Headphone,General,
OnePlus,Nord Buds 2r with 38H Playback,Rs. 2299,Rs. 1799,4.5,13.2k,Headphone,General,
BOULT AUDIO,Shadow Earbuds,Rs. 2499,Rs. 749,4.1,13.8k,Headphone,General,
Realme,T110 Fast Charging Earbuds,Rs. 2999,Rs. 1099,4.2,4.6k,Headphone,General,
BOULT AUDIO,Mustang Torq Wireless Earbuds,Rs. 5999,Rs. 1999,4.3,352,Headphone,General,
BOULT AUDIO,Shadow Earbuds,Rs. 2499,Rs. 749,4.1,9.3k,Headphone,General,
OnePlus,Bullets Wireless Z2 with 30H,Rs. 2299,Rs. 1599,4.3,21.6k,Headphone,General,
NOISE,Buds Nero TWS BT Earbuds,Rs. 3499,Rs. 899,3.9,486,Headphone,General,
Realme,T310 46dB ANC & Spatial Audio,Rs. 3999,Rs. 2199,4.3,1.5k,Headphone,General,
Realme,Wireless 3 with 30dB ANC,Rs. 2999,Rs. 1199,4.4,3.7k,Headphone,General,
OnePlus,Buds 4 TWS In Ear Earbuds,Rs. 6499,Rs. 5999,4.2,9,Headphone,General,
OnePlus,Bullets Wireless Z2 45dB ANC,Rs. 2499,Rs. 2099,4.4,5.2k,Headphone,General,
BOULT AUDIO,Shadow Earbuds,Rs. 2499,Rs. 749,4.1,5.7k,Headphone,General,
OnePlus,Nord Buds 3 Pro With 49dB ANC,Rs. 3699,Rs. 2999,4.5,3.9k,Headphone,General,
Realme,Air 6 Pro with 50dB Smart ANC,Rs. 7999,Rs. 4499,4.3,504,Headphone,General,
Realme,T110 Fast Charging Earbuds,Rs. 2999,Rs. 1099,4.2,1.8k,Headphone,General,
CMF by Nothing,Buds 2a Wireless Earbuds,Rs. 2499,Rs. 2199,4.1,106,Headphone,General,
BOULT AUDIO,FluidX ANC Wireless Headphones,Rs. 5999,Rs. 2299,3.7,72,Headphone,General,
Realme,Buds Wireless 5 ANC Headphones,Rs. 2799,Rs. 1599,4.3,200,Headphone,General,
boAt,Airdopes 138 TWS Earbuds,Rs. 2990,Rs. 1099,4,3.8k,Headphone,General,
OnePlus,Bullets Wireless Z2 45dB ANC,Rs. 2499,Rs. 2099,4.5,3.1k,Headphone,General,
OnePlus,Nord Buds 2r with 38H Playback,Rs. 2299,Rs. 1799,4.5,6.2k,Headphone,General,
NOISE,Buds VS102 with 50H Playtime,Rs. 2999,Rs. 1099,3.9,29.4k,Headphone,General,
BOULT AUDIO,Q Over Ear BT Headphones,Rs. 5999,Rs. 1999,3.8,144,Headphone,General,
Portronics,C Wired Earphones with HD Mic,Rs. 799,Rs. 279,4.1,304,Headphone,General,
BOULT AUDIO,Y1 Pro Earbuds with Quad Mic,Rs. 5999,Rs. 999,4.1,689,Headphone,General,
OnePlus,Nord Buds 3,Rs. 2799,Rs. 2299,4.5,413,Headphone,General,
BOULT AUDIO,Z40 Ultra 100H Battery Headset,Rs. 4999,Rs. 999,3.2,82,Headphone,General,
Realme,Buds T200 Lite Headphones,Rs. 1999,Rs. 1399,0,0,Headphone,General,
OnePlus,Buds 3 With Upto 49dB ANC,Rs. 6499,Rs. 5499,4.6,2k,Headphone,General,
Realme,Buds Air7 Headphones,Rs. 4999,Rs. 3299,4.2,113,Headphone,General,
CMF by Nothing,Buds 2 Plus with Hi-Res LDAC,Rs. 3999,Rs. 3299,0,0,Headphone,General,
BOULT AUDIO,FluidX ANC Wireless Headphones,Rs. 5999,Rs. 2299,3.4,23,Headphone,General,
boAt,Rockerz 460 Headphones,Rs. 2490,Rs. 1499,3.6,5,Headphone,General,
Realme,Buds T200 Lite Headphones,Rs. 1999,Rs. 1399,0,0,Headphone,General,
OnePlus,Nord Buds 3 Pro With 49dB ANC,Rs. 3699,Rs. 2999,4.5,1.4k,Headphone,General,
Realme,Buds Wireless 3 Neo,Rs. 2499,Rs. 999,4.4,1.3k,Headphone,General,
JBL,C50HI Wired Headphone,Rs. 699,Rs. 499,4.1,8k,Headphone,General,
OnePlus,Nord Buds 3 BT Earbuds,Rs. 2799,Rs. 2299,4.3,483,Headphone,General,
Realme,Buds Wireless 3 Neo,Rs. 2499,Rs. 999,4.5,163,Headphone,General,
Nothing,42dB ANC Hi-Res+LDAC Headphone,Rs. 26999,Rs. 21999,0,0,Headphone,General,
OnePlus,Buds 3 E509A,Rs. 6499,Rs. 5499,4.5,139,Headphone,General,
Realme,T310 46dB ANC & Spatial Audio,Rs. 3999,Rs. 2199,4.3,4.7k,Headphone,General,
OnePlus,Nord Buds 3 BT Earbuds,Rs. 2799,Rs. 2299,4.4,1.3k,Headphone,General,
Realme,Air 6 Earbuds with 50dB ANC,Rs. 5999,Rs. 3299,4.4,1.8k,Headphone,General,
boAt,Airdopes 148 Wireless Earbuds,Rs. 4490,Rs. 1099,3.8,432,Headphone,General,
Realme,T110 Fast Charging Earbuds,Rs. 2999,Rs. 1099,4.3,597,Headphone,General,
BOULT AUDIO,FluidX Pro ANC Headphones,Rs. 7999,Rs. 2499,3.4,38,Headphone,General,
Crocs,Women Flats,Rs. 3995,Rs. 2949,4.5,687,Flats,Women,
Crocs,Women plash Open Toe Flats,0,0,4.5,523,Flats,Women,
Shoetopia,Girls Open Toe Flats,Rs. 1999,Rs. 799,4.4,26,Flats,Women,
ADIVER,Women Fashion Open Toe Flats,Rs. 1999,Rs. 499,3.4,271,Flats,Women,
Crocs,Strappy Open Toe Flats,0,0,4.6,77,Flats,Women,
Mast & Harbour,Women Suede Comfort Sandals,Rs. 2499,Rs. 949,4.4,1.3k,Flats,Women,
El Paso,Women Open Toe Flats,Rs. 2899,Rs. 695,4,3.1k,Flats,Women,
CAI,Two Strap Canvas Sandels,Rs. 2699,Rs. 2537,3.8,186,Flats,Women,
ADIVER,Textured Open Toe Flats,Rs. 1999,Rs. 499,3.7,2k,Flats,Women,
Mast & Harbour,Women One Toe Flats,Rs. 2499,Rs. 1074,3.5,54,Flats,Women,
Skechers,Women T-Strap Flats,Rs. 3299,Rs. 1979,4.4,59,Flats,Women,
El Paso,Buckles Open Toe Flats,Rs. 2899,Rs. 695,3.9,3.9k,Flats,Women,
Fame Forever by Lifestyle,Girls Embellished Buckle Flats,Rs. 999,Rs. 649,0,0,Flats,Women,
Metro,Backstrap Open Toe Flats,Rs. 2490,Rs. 996,4.2,68,Flats,Women,
max,Girls Mojaris Flats,0,0,4.3,38,Flats,Women,
Lavie,Women Open Toe Flats,Rs. 2499,Rs. 999,4.2,196,Flats,Women,
Metro,Women Open Toe Flats,Rs. 2490,Rs. 1120,4.1,33,Flats,Women,
CAI,Women Open Toe Flats,Rs. 2299,Rs. 1195,4.5,75,Flats,Women,
DressBerry,Women Open Toe Flats,Rs. 1999,Rs. 599,4.3,439,Flats,Women,
U.S. Polo Assn.,Women T-Strap Flats,Rs. 3599,Rs. 2699,4.6,22,Flats,Women,
WALKWAY by Metro,Embellished Open Toe Flats,0,0,4.5,454,Flats,Women,
max,Printed Open Toe Flats,Rs. 599,Rs. 499,4.4,829,Flats,Women,
CAI,Women Multi Patterned Flats,Rs. 1899,Rs. 1747,4.5,225,Flats,Women,
Jbarg,Women Open Toe Flats,Rs. 1999,Rs. 639,3.6,414,Flats,Women,
Mochi,Women Open Toe Flats,Rs. 1490,Rs. 834,4.4,3k,Flats,Women,
Mochi,Women Open Toe Flats,Rs. 1690,Rs. 676,3.9,93,Flats,Women,
GNX,Girls Open Toe Flats,Rs. 1299,Rs. 799,4.1,25,Flats,Women,
Froh Feet,Women Mules Flats,Rs. 2995,Rs. 688,3.3,16,Flats,Women,
Mochi,Women Open Toe Flats,Rs. 1690,Rs. 794,4.5,1k,Flats,Women,
Pantaloons Junior,Girls Open Toe Flats,Rs. 899,Rs. 809,4.4,24,Flats,Women,
Pantaloons Junior,Girls Fashion Flats,Rs. 799,Rs. 719,4.8,5,Flats,Women,
CAI,Women Open Toe Flats,Rs. 1899,Rs. 1405,4.4,24,Flats,Women,
Lavie,Women Open Toe Flats,Rs. 2499,Rs. 799,3.9,305,Flats,Women,
CHINRAAG,Women T-Strap Flats,Rs. 1499,Rs. 499,4.4,10,Flats,Women,
Metro,Women One Toe Flats,Rs. 1690,Rs. 845,4.4,242,Flats,Women,
Mast & Harbour,Women Open Toe Flats,Rs. 2699,Rs. 998,3.8,24,Flats,Women,
Mochi,Women Open Toe Flats,Rs. 1490,Rs. 670,4.5,1.5k,Flats,Women,
U.S. Polo Assn.,Women T-Strap Flats,Rs. 3399,Rs. 2243,4.1,9,Flats,Women,
Pantaloons Junior,Girls Fashion Flats,Rs. 799,Rs. 759,4.1,15,Flats,Women,
TRASE,Women Open Toe Flats,Rs. 2499,Rs. 899,4.3,107,Flats,Women,
U.S. Polo Assn.,Women T-Strap Flats,Rs. 3399,Rs. 2243,4,17,Flats,Women,
Tiny Bugs,Girls Open Toe Flats,Rs. 1499,Rs. 719,4.3,32,Flats,Women,
Anouk,Embroidered Mojaris,Rs. 1999,Rs. 699,4.4,1.1k,Flats,Women,
CAI,Women Open Toe Flats,Rs. 2799,Rs. 2603,3.9,37,Flats,Women,
Mochi,Women Open Toe Flats,Rs. 1490,Rs. 789,4.4,1.8k,Flats,Women,
Shoetopia,Women Mules Flats,Rs. 1499,Rs. 494,3.7,19,Flats,Women,
Metro,Women One Toe Flats,Rs. 2690,Rs. 1076,4.5,25,Flats,Women,
Metro,Women Open Toe Flats,Rs. 1490,Rs. 745,4.3,418,Flats,Women,
Shoetopia,Girls Textured T-Strap Flats,Rs. 1499,Rs. 644,4.4,15,Flats,Women,
99CRAFTS,Men Solid Open Toe Flats,Rs. 5399,Rs. 1403,3.8,11,Flats,Women,
Aadvi Fashion,Women High-Rise Wide Leg Jeans,Rs. 2999,Rs. 698,4.2,1.5k,Jeans,Women,
StyleCast,Wide Leg High-Rise Denim Jeans,Rs. 2849,Rs. 1396,3.9,1.9k,Jeans,Women,
Flying Machine,Women Flared High-Rise Jeans,Rs. 2199,Rs. 1539,4.3,846,Jeans,Women,
Aadvi Fashion,Women Baggy Jeans,Rs. 2899,Rs. 698,4.1,1.8k,Jeans,Women,
Roadster,Straight Fit High-Rise Jeans,Rs. 1699,Rs. 679,3.9,436,Jeans,Women,
Turning Blue,Women Plus Size Jeans,Rs. 2999,Rs. 1499,4.3,571,Jeans,Women,
DressBerry,Women Bootcut High-Rise Jeans,Rs. 2950,Rs. 885,3.6,120,Jeans,Women,
Flying Machine,Women Stretchable Jeans,Rs. 1899,Rs. 1101,4.1,299,Jeans,Women,
Bewakoof,Women Wide Leg High-Rise Jeans,Rs. 2899,Rs. 1399,4,61,Jeans,Women,
Stylecast X Kotty,Women Straight Fit Jeans,Rs. 2499,Rs. 499,3.7,1.2k,Jeans,Women,
KOTTY Basics,Women High-Rise Cotton Jeans,Rs. 1999,Rs. 579,3.8,3.1k,Jeans,Women,
High Star,Women Wide Leg High-Rise Jeans,Rs. 3999,Rs. 1639,0,0,Jeans,Women,
SPYKAR,Women Slim Fit High-Rise Jeans,Rs. 2199,Rs. 1077,4.3,80,Jeans,Women,
Roadster,Women Pure Cotton Jeans,Rs. 2599,Rs. 987,3.6,426,Jeans,Women,
Freeform by High Star,Women Plus Size HighRise Jeans,Rs. 2699,Rs. 971,4.1,361,Jeans,Women,
Stylecast X Kotty,Straight Fit High-Rise Jeans,Rs. 2499,Rs. 499,3.8,311,Jeans,Women,
Roadster,Women Straight Fit Jeans,Rs. 2699,Rs. 1295,4,213,Jeans,Women,
Turning Blue,Plus Size Women Wide Leg Jeans,Rs. 3199,Rs. 1449,4.2,309,Jeans,Women,
Basics By Tokyo Talkies,Women Flared Clean Look Jeans,Rs. 1999,Rs. 669,4.1,9.7k,Jeans,Women,
Kotty,Women Slim Fit Jeans,Rs. 2499,Rs. 699,4.1,23,Jeans,Women,
Turning Blue,Plus Size Women Wide Leg Jeans,Rs. 3299,Rs. 1499,3.8,381,Jeans,Women,
Roadster,Women No Faded Jeans,Rs. 2499,Rs. 599,4.2,629,Jeans,Women,
H&M,Women Straight High Jeans,0,0,3.5,634,Jeans,Women,
Urbano Fashion,Women Wide Leg Jeans,Rs. 2099,Rs. 986,3.9,581,Jeans,Women,
Roadster,Women Wide Leg High-Rise Jeans,Rs. 2199,Rs. 835,4.2,2.4k,Jeans,Women,
ZUYA,Women Wide Leg High-Rise Jeans,Rs. 2499,Rs. 990,4.3,82,Jeans,Women,
Freeform by High Star,Women Relaxed Fit Jeans,Rs. 2549,Rs. 1427,4.3,35,Jeans,Women,
glitchez,Women wide leg Wide Leg Fit Jeans,Rs. 1999,Rs. 619,4.1,164,Jeans,Women,
SASSAFRAS BASICS,Women Flared High-Rise Jeans,Rs. 2498,Rs. 999,3.9,282,Jeans,Women,
FableStreet,Women Straight Mid-Rise Jeans,0,0,0,0,Jeans,Women,
Kotty,Women Straight Fit Jeans,Rs. 1999,Rs. 579,3.8,10k,Jeans,Women,
High Star,Straight Fit Jeans,Rs. 2499,Rs. 874,4,2k,Jeans,Women,
Turning Blue,Women Wide Leg High-Rise Jeans,Rs. 3699,Rs. 1499,4.2,19,Jeans,Women,
DressBerry,Women Bootcut High-Rise Jeans,Rs. 2950,Rs. 885,3.3,98,Jeans,Women,
Roadster,Women Skinny Fit Jeans,Rs. 2299,Rs. 597,3.9,4.3k,Jeans,Women,
Go Colors,Women Flared Cotton Jeans,Rs. 1999,Rs. 1499,4.4,66,Jeans,Women,
COSMIC TRIO,Women Bootcut Jeans,Rs. 1899,Rs. 854,4.2,310,Jeans,Women,
Stylecast X Kotty,Women Straight Fit Jeans,Rs. 1999,Rs. 519,4,336,Jeans,Women,
FableStreet,Comfort Fit Wide Leg Jeans,0,0,0,0,Jeans,Women,
CURVY STREET,Women Wide Leg Jeans,Rs. 2999,Rs. 1049,3.7,69,Jeans,Women,
DressBerry,Bootcut Stretchable J,Rs. 2950,Rs. 885,3.7,108,Jeans,Women,
Freeform by High Star,Plus Size Wide Leg Jeans,Rs. 2599,Rs. 1325,4.3,1.4k,Jeans,Women,
KOTTY Basics,Women Straight Fit Jeans,Rs. 2499,Rs. 774,3.4,534,Jeans,Women,
French Connection,Women Relaxed Fit Jeans,Rs. 3299,Rs. 1319,3.8,698,Jeans,Women,
Miss Chase,Women Skinny Fit High-Rise Jeans,Rs. 1949,Rs. 1188,4.2,3.2k,Jeans,Women,
StyleCast,Women Flared High-Rise Jeans,Rs. 2949,Rs. 1356,3.9,632,Jeans,Women,
Kotty,Women Straight Fit Jeans,Rs. 1999,Rs. 579,4,4.2k,Jeans,Women,
Freeform by High Star,Women Plus Size Jeans,Rs. 2699,Rs. 944,4.3,361,Jeans,Women,
Flying Machine,Women Bootcut High-Rise Jeans,Rs. 2399,Rs. 1463,4.3,109,Jeans,Women,
glitchez,Women Wide Leg Faded Jeans,Rs. 2199,Rs. 901,4.1,205,Jeans,Women,
GIVA,Unisex Set Of 2 Finger Ring,Rs. 6799,Rs. 2787,0,0,Jewellery,Women,
GIVA,925 Silver Evil Eye Bracelet,Rs. 2599,Rs. 779,4.6,51,Jewellery,Women,
Anouk,Gold-Plated Mathapatti,Rs. 1699,Rs. 373,4.4,49,Jewellery,Women,
Sangria,925 Sterling Silver Nosepin,Rs. 999,Rs. 799,0,0,Jewellery,Women,
Clara,Pearl Pendant With Chain Gift,Rs. 3598,Rs. 2399,4.8,54,Jewellery,Women,
Sangria,Stone-Studded Mangalsutra,Rs. 1999,Rs. 399,0,0,Jewellery,Women,
Sangria,Set Of 2 Silver-Plated Anklets,Rs. 999,Rs. 339,0,0,Jewellery,Women,
GIVA,925 Silver Set Of 2 Rings,Rs. 2999,Rs. 1469,1.8,14,Jewellery,Women,
MANGO,Set of 2 Finger Rings,Rs. 1490,Rs. 670,4.1,11,Jewellery,Women,
Rubans,Set of 3 CZ Nose Ring,Rs. 998,Rs. 399,4.4,29,Jewellery,Women,
Kushal's Fashion Jewellery,Victorian Plated Jewellery Set,0,0,0,0,Jewellery,Women,
Maasha,Stainless Steel Necklace,Rs. 999,Rs. 499,0,0,Jewellery,Women,
VENI,SetOf12 Silver-Plated Nosepins,Rs. 2299,Rs. 597,3.8,21,Jewellery,Women,
Clara,925 Sterling Silver Pendant,Rs. 2998,Rs. 1799,4.6,206,Jewellery,Women,
Rubans,22KT Gold Plated Jewellery Set,Rs. 3300,Rs. 528,4.4,388,Jewellery,Women,
EL REGALO,Half Hoop Earrings,Rs. 1099,Rs. 290,4.1,940,Jewellery,Women,
Kushal's Fashion Jewellery,Gold-Plated Antique Necklace,0,0,0,0,Jewellery,Women,
PANASH,Gold-Plated Head Jewellery,Rs. 2249,Rs. 558,3.9,7,Jewellery,Women,
South Temple Jewellery,Gold-Plated Head Jewellery,Rs. 699,Rs. 573,4.9,9,Jewellery,Women,
Zisthi,Gold-Plated Hoop Earrings,Rs. 6599,Rs. 2441,0,0,Jewellery,Women,
Sangria,Septum No Piercing Nosepin,Rs. 999,Rs. 499,0,0,Jewellery,Women,
Zaveri Pearls,Pack of 3 Contemporary Studs,Rs. 2079,Rs. 311,4.3,5.4k,Jewellery,Women,
Reenisaa,Studs Earrings,Rs. 1599,Rs. 911,0,0,Jewellery,Women,
Jewels Galaxy,Women Bangle-Style Bracelet,Rs. 1659,Rs. 353,4.5,4.7k,Jewellery,Women,
Jazz and Sizzle,Silver-Plated Maang Tika,Rs. 2049,Rs. 307,4.5,491,Jewellery,Women,
Kushal's Fashion Jewellery,Kundan Studded Jewellery Set,0,0,0,0,Jewellery,Women,
Anouk,Women Gold-Plated Mathapatti,Rs. 1999,Rs. 399,4.3,40,Jewellery,Women,
Yellow Chimes,Gold-Plated Chained Nosepin,Rs. 1800,Rs. 432,4.4,120,Jewellery,Women,
Kushal's Fashion Jewellery,Victorian-Plated Jewellery Set,0,0,0,0,Jewellery,Women,
Mali Fionna,Gold-Plated Septum Nosepin,Rs. 999,Rs. 289,4.5,116,Jewellery,Women,
Astrotalk,Dhan Yog Bracelet,Rs. 1999,Rs. 599,4.1,135,Jewellery,Women,
PALMONAS,925 Sterling Silver Bracelet,Rs. 11499,Rs. 8049,0,0,Jewellery,Women,
KARATCART,Gold-Plated Head Jewellery,Rs. 3421,Rs. 410,4.2,110,Jewellery,Women,
Priyaasi,Gold-Plated Head Jewellery,Rs. 2345,Rs. 351,4.7,13,Jewellery,Women,
SHAYA,Women Bracelet,Rs. 2300,Rs. 1840,4.2,20,Jewellery,Women,
Zaveri Pearls,Gold-Plated Jewellery Set,Rs. 2950,Rs. 383,3.9,212,Jewellery,Women,
Adwitiya Collection,Gold-Plated Stud Nosepin,Rs. 2159,Rs. 499,0,0,Jewellery,Women,
GIVA,925 Silver Pearls Studs,Rs. 2599,Rs. 1221,0,0,Jewellery,Women,
Saraf RS Jewellery,Gold-Plated AD & CZ-Studded Handcrafted Jadau Maang Tikka,Rs. 3125,Rs. 687,4.7,117,Jewellery,Women,
Zaveri Pearls,Kundan Wraparound Bracelet,Rs. 2750,Rs. 412,4.4,158,Jewellery,Women,
Kushal's Fashion Jewellery,Gold-Plated Jewellery Set,0,0,0,0,Jewellery,Women,
KARATCART,Set of 4 Gold-Plated Studs Earrings,Rs. 1130,Rs. 203,4.4,1.9k,Jewellery,Women,
Zaveri Pearls,Gold-Plated Jewellery Set,Rs. 2995,Rs. 359,4.4,4k,Jewellery,Women,
Clara,Rhodium-Plated Pendant,Rs. 3798,Rs. 2199,4.6,59,Jewellery,Women,
Sangria,925 Sterling Silver Nosepin,Rs. 999,Rs. 599,0,0,Jewellery,Women,
Fida,Gold Plated Jhumkas Earrings,Rs. 1399,Rs. 545,4.3,145,Jewellery,Women,
925 SILLER,925 Sterling Silver Anklet,Rs. 7690,Rs. 1845,3.7,11,Jewellery,Women,
Rubans,Gold Plated Jewellery Set,Rs. 5167,Rs. 1136,4.2,250,Jewellery,Women,
OOMPH,Kundan-Studded Sheeshphool,Rs. 5990,Rs. 699,4.5,156,Jewellery,Women,
SHAYA,Women Silver Gold-Plated Wraparound Bracelet,Rs. 1800,Rs. 1440,4.8,5,Jewellery,Women,
Sangria,V-Neck Pure Cotton Kurta,Rs. 2099,Rs. 629,4.2,1.9k,Kurta,Women,
KALINI,Floral Printed Kurta Set,Rs. 4999,Rs. 1299,4.2,129,Kurta,Women,
TextileNow,Sequinned Anarkali Kurta Set,Rs. 4995,Rs. 1798,3.9,719,Kurta,Women,
SINGNI,Kurta with Trousers & Dupatta,Rs. 6499,Rs. 779,4,10.1k,Kurta,Women,
KIMAYRA,Floral Printed Kurta Set,Rs. 3599,Rs. 1399,4.2,2k,Kurta,Women,
TextileNow,Women Solid Kurta Set,Rs. 6199,Rs. 1999,4.1,26,Kurta,Women,
Sangria,Kurta With Palazzos & Bag,Rs. 4999,Rs. 1699,4.3,24,Kurta,Women,
Royal Export,Floral Embroidered Kurta Set,Rs. 5999,Rs. 1117,4,1.3k,Kurta,Women,
TextileNow,Women Embroidered Kurta Set,Rs. 5999,Rs. 1787,2.9,28,Kurta,Women,
Aaghnya,Women Printed Kurta Set,Rs. 3197,Rs. 638,4.1,147,Kurta,Women,
PHYSIL,Women Embroidered Kurta with Pyjamas With Dupatta,Rs. 2499,Rs. 699,3.6,883,Kurta,Women,
Libas,Women Yoke Design Kurta with Trousers With Dupatta,Rs. 8599,Rs. 2699,0,0,Kurta,Women,
Sangria,Kaftan & Tube Top With Sharara,Rs. 4899,Rs. 1567,4,705,Kurta,Women,
PRISCA,Paisley Printed Kurta,Rs. 999,Rs. 429,4.3,1.9k,Kurta,Women,
TextileNow,Kurta with Trousers & Dupatta,Rs. 4995,Rs. 1798,4.2,44,Kurta,Women,
GoSriKi,Women Kurta Set,Rs. 4345,Rs. 825,3.8,6.1k,Kurta,Women,
MOKOSH,Embroidered Kurta Set,Rs. 4299,Rs. 1461,4.3,455,Kurta,Women,
Libas,Women Printed Kurta Set,Rs. 4299,Rs. 1349,0,0,Kurta,Women,
Anouk,Women Printed Kurta with Trousers With Dupatta,Rs. 3299,Rs. 989,4.1,1.6k,Kurta,Women,
Anouk,Women Floral Printed Anarkali Kurta,Rs. 3299,Rs. 923,4.3,3.9k,Kurta,Women,
Gerua By Libas,Floral Yoke Design Kurta Sets,Rs. 4549,Rs. 1199,0,0,Kurta,Women,
Indo Era,Women Printed Kurta,Rs. 4699,Rs. 1499,4,68,Kurta,Women,
KALINI,Printed Straight Kurta Set,Rs. 3399,Rs. 781,3.8,1.3k,Kurta,Women,
TextileNow,Printed Pleated A-Line Kurta,Rs. 2199,Rs. 656,4.2,145,Kurta,Women,
KIMAYRA,Women Printed Kurta Set,Rs. 3599,Rs. 1399,4.1,464,Kurta,Women,
KALINI,Printed Straight Kurta Set,Rs. 2799,Rs. 783,3.8,343,Kurta,Women,
Libas,Women Embroidered Kurta with Palazzos With Dupatta,Rs. 4499,Rs. 1799,4.4,4.4k,Kurta,Women,
Sangria,Floral Printed Kurta Set,Rs. 4999,Rs. 1599,3.6,68,Kurta,Women,
Rimeline,Floral Printed Straight Kurta,Rs. 1999,Rs. 679,4.4,3.7k,Kurta,Women,
Libas,Women Printed Kurta with Trousers With Dupatta,Rs. 7799,Rs. 2249,3.5,20,Kurta,Women,
Indo Era,Kurta With Trousers & Dupatta,Rs. 6999,Rs. 1799,4,5.5k,Kurta,Women,
SINGNI,Printed Mirrr Work Kurta Set,Rs. 6499,Rs. 779,4,3.7k,Kurta,Women,
Libas,Women Kurta with Palazzos With Dupatta,Rs. 10699,Rs. 2849,4.1,22,Kurta,Women,
Indo Era,Embroidered Kurta Set,Rs. 7999,Rs. 1799,4.3,8.1k,Kurta,Women,
Anouk,Women Floral Embroidered Kurta,Rs. 1999,Rs. 619,4.1,125,Kurta,Women,
Libas,Woven Design Regular Kurta Set,Rs. 6999,Rs. 2949,4.5,2.2k,Kurta,Women,
anayna,Floral Printed Kurta Sets,Rs. 3325,Rs. 1097,4.5,647,Kurta,Women,
Indo Era,Floral Printed Kurta Sets,Rs. 2999,Rs. 1799,4.1,469,Kurta,Women,
VIBE VISION,Printed Straight Kurta Set,Rs. 4399,Rs. 759,3.7,60,Kurta,Women,
FIORRA,Printed Cotton A-Line Kurta,Rs. 3999,Rs. 699,4.4,1.3k,Kurta,Women,
GoSriKi,Women Printed Kurta Palazzos,Rs. 3197,Rs. 799,3.9,3k,Kurta,Women,
Libas,Women Printed Kurta with Trousers With Dupatta,Rs. 5949,Rs. 1749,4.1,8,Kurta,Women,
GoSriKi,Floral Printed Kurta Set,Rs. 3197,Rs. 799,4.3,48,Kurta,Women,
MANOJAVA,Pure Cotton Printed Kurta Sets,Rs. 2900,Rs. 1489,4.1,585,Kurta,Women,
Libas,Women Printed Kurta Set,Rs. 2499,Rs. 999,0,0,Kurta,Women,
Khushal K,Printed Pure Cotton Kurta Set,Rs. 4399,Rs. 1231,4.4,672,Kurta,Women,
House of Pataudi,Embroidered Straight Kurtas,Rs. 2622,Rs. 917,4.3,266,Kurta,Women,
Libas,Women Printed Kurta with Trousers With Dupatta,Rs. 5699,Rs. 1599,3.8,99,Kurta,Women,
GoSriKi,Thread Work Anarkali Kurta Set,Rs. 4345,Rs. 1098,3.2,1.5k,Kurta,Women,
KALINI,Bandhani Printed Kurta Set,Rs. 5599,Rs. 1189,3.7,566,Kurta,Women,
CrossKulture,Women Printed Nightdress,Rs. 1999,Rs. 999,0,0,Loungewear,Women,
Clovia,Pure Cotton Shirt & Pyjama Set,Rs. 1999,Rs. 839,4.3,302,Loungewear,Women,
Herryqeal,Printed Baby Doll,Rs. 1999,Rs. 499,3.4,19,Loungewear,Women,
Jockey,Checked Straight Lounge Pant,Rs. 949,Rs. 939,4.3,411,Loungewear,Women,
Dreamz by Pantaloons,Straight-Leg Lounge Pants,Rs. 699,Rs. 664,4.2,16,Loungewear,Women,
max,Pure Cotton Lounge Pant,Rs. 499,Rs. 449,4.3,1.1k,Loungewear,Women,
max,Printed Cotton Lounge Shorts,Rs. 349,Rs. 309,4.5,453,Loungewear,Women,
AMMARZO,Self-Deign Nightwear Robe,Rs. 3999,Rs. 1199,0,0,Loungewear,Women,
Kryptic,Women Cotton Lounge Pants,Rs. 1249,Rs. 374,4.3,752,Loungewear,Women,
Jockey,Women Checked Lounge Pant,0,0,3.7,616,Loungewear,Women,
AV2,Lace Work Satin Night Suit,Rs. 1499,Rs. 599,4.2,1.6k,Loungewear,Women,
Smarty Pants,Straight-Fit Lounge Pants,Rs. 1299,Rs. 584,3.8,52,Loungewear,Women,
Enamor,Women Printed Lounge Shorts,Rs. 679,Rs. 611,4.5,2.5k,Loungewear,Women,
Sweet Dreams,Women Night suit,0,0,4.4,5,Loungewear,Women,
ariel,3Pc Abstract Printed Shorts,Rs. 1499,Rs. 794,4.5,15,Loungewear,Women,
Marks & Spencer,Women Graphic Print Night suit,0,0,0,0,Loungewear,Women,
Sweet Dreams,Women Night suit,Rs. 2799,Rs. 2519,0,0,Loungewear,Women,
NEUDIS,Women Wide-Leg Lounge Pants,Rs. 1499,Rs. 644,4,60,Loungewear,Women,
ariel,Women Printed Lounge Shorts,Rs. 999,Rs. 449,4.6,77,Loungewear,Women,
AV2,Printed Night Suit,Rs. 2499,Rs. 949,4.5,60,Loungewear,Women,
Van Heusen,Women Relax Fit Lounge T-Shirt,Rs. 499,Rs. 484,4.4,61,Loungewear,Women,
Herryqeal,Women Halter Neck Baby Doll,Rs. 1999,Rs. 405,4.3,105,Loungewear,Women,
Sweet Dreams,Women Floral Print Night suit,Rs. 2799,Rs. 2519,0,0,Loungewear,Women,
Tokyo Talkies,Regular Fit Sleep Shirt,Rs. 999,Rs. 319,4.2,234,Loungewear,Women,
Marks & Spencer,Women Graphic Print Night suit,0,0,0,0,Loungewear,Women,
Sweet Dreams,Print Night suit,Rs. 2999,Rs. 2699,0,0,Loungewear,Women,
Broiden,Self Design Baby Doll,Rs. 2999,Rs. 599,4.2,840,Loungewear,Women,
Mast & Harbour,Printed Satin Night Suit,Rs. 2799,Rs. 839,4.5,619,Loungewear,Women,
Sweet Dreams,Floral Printed Maxi Nightdress,Rs. 1499,Rs. 809,4.3,68,Loungewear,Women,
Herryqeal,Self Design Baby Doll,Rs. 2599,Rs. 363,3.8,144,Loungewear,Women,
max,Printed Pure Cotton Nightdress,Rs. 799,Rs. 649,4.5,922,Loungewear,Women,
Sweet Dreams,Women Geometric Print Night suit,0,0,0,0,Loungewear,Women,
PURPLE FLAUNT,Striped Maternity Nightdress,Rs. 1299,Rs. 831,4.5,307,Loungewear,Women,
Jockey,Women Solid Lounge Pants,0,0,4.4,641,Loungewear,Women,
Sweet Dreams,Women Printed Night Suit,0,0,4.4,19,Loungewear,Women,
Claura,Printed Nightdress,Rs. 1899,Rs. 873,4.3,2.9k,Loungewear,Women,
SANSKRUTIHOMES,Women Printed Night suit,Rs. 2599,Rs. 779,4.2,8.4k,Loungewear,Women,
Van Heusen,Women Flared Lounge Pants,Rs. 1049,Rs. 870,4.3,356,Loungewear,Women,
Masha,Oversized Cotton Night suit,Rs. 2499,Rs. 1349,4.5,309,Loungewear,Women,
Leading Lady,Women Printed Lounge Shorts,Rs. 599,Rs. 311,4.5,63,Loungewear,Women,
CrossKulture,Pure Cotton T-shirt Nightdress,Rs. 1999,Rs. 999,0,0,Loungewear,Women,
Herryqeal,Halter Neck Baby Doll,Rs. 1999,Rs. 405,4.2,551,Loungewear,Women,
NEUDIS,Ribbed Lounge Pants,Rs. 1499,Rs. 644,4.1,56,Loungewear,Women,
Sweet Dreams,Women Night suit,Rs. 2399,Rs. 2159,0,0,Loungewear,Women,
Ichaa,Floral Printed Night suit,Rs. 2999,Rs. 599,0,0,Loungewear,Women,
HANDICRAFT PALACE,Pure Cotton Kaftan Nightdress,Rs. 799,Rs. 703,4.2,26,Loungewear,Women,
Sweet Dreams,Women Night suit,Rs. 2799,Rs. 2519,0,0,Loungewear,Women,
max,Floral Printed Nightgown,Rs. 899,Rs. 699,4.3,161,Loungewear,Women,
Mast & Harbour,Printed Satin Night Suit,Rs. 2399,Rs. 623,4.6,395,Loungewear,Women,
Van Heusen,Women Flared Lounge Pants,Rs. 1049,Rs. 870,4.4,84,Loungewear,Women,
Lakme,Eyeconic Kajal - Classic Brown,Rs. 350,Rs. 227,4.4,7.4k,Makeup,Women,
Lakme,9to5 CC Light Mousse - 01,Rs. 525,Rs. 341,4.3,4.2k,Makeup,Women,
Lakme,Sun Expert Ultra Matte Compact,Rs. 349,Rs. 167,4.4,20.9k,Makeup,Women,
Maybelline,Instant Age Rewind Concealer,Rs. 749,Rs. 411,4.5,3.2k,Makeup,Women,
Lakme,Set of 2 Eyeconic Kajal,Rs. 420,Rs. 201,4.6,47.1k,Makeup,Women,
IMAGIC,6 Color Touch Blush Palette,Rs. 1599,Rs. 799,4.6,1k,Makeup,Women,
Pilgrim,Dubai Bling Lipstick- 05,Rs. 645,Rs. 451,4.4,257,Makeup,Women,
Maybelline,Waterproof Mascara-Very Black,Rs. 799,Rs. 511,4.5,13.8k,Makeup,Women,
Maybelline,Lifter Lip Gloss - Moon,Rs. 799,Rs. 479,4.6,1.1k,Makeup,Women,
LICK,28pcs Nail Set,Rs. 649,Rs. 220,4.8,5,Makeup,Women,
Pixi,Hydrating On-the-Glow Blush,0,0,4.7,30,Makeup,Women,
Pilgrim,4-Pcs Lipstick - The Pink Sin,Rs. 745,Rs. 260,4.3,605,Makeup,Women,
ETUDE,Dear Darling Water Tint - 4,Rs. 450,Rs. 427,4.2,409,Makeup,Women,
M.A.C,Fix+ Multitask Setting Spray,0,0,4.7,83,Makeup,Women,
LOreal,Infallible Full Wear Concealer,Rs. 849,Rs. 466,4.6,2.9k,Makeup,Women,
Maybelline,Fit me Concealer - Caramel 40,Rs. 599,Rs. 341,4.5,3.2k,Makeup,Women,
FACES CANADA,Ultime Pro Gel Kajal - Black,Rs. 575,Rs. 408,4.5,7.8k,Makeup,Women,
Makeup Revolution London,Pro New Neutral Palette 18 g,Rs. 1450,Rs. 507,4.6,3k,Makeup,Women,
Maybelline,Eyeshadow Palette - Blush,Rs. 999,Rs. 549,4.4,9.7k,Makeup,Women,
Renee,Midnight Kohl Kajal Pencil,0,0,4.3,12k,Makeup,Women,
Makeup Revolution London,Ultra Blush & Contour Palette,Rs. 950,Rs. 285,4.4,541,Makeup,Women,
Earth Rhythm,Lip & Cheek Tint,Rs. 499,Rs. 434,4.4,3.2k,Makeup,Women,
Tuco Intelligent,Girls Glam Makeup Box,Rs. 899,Rs. 597,4.1,7,Makeup,Women,
Maybelline,Matte Compact-Natural Buff,Rs. 269,Rs. 156,4.4,16.5k,Makeup,Women,
The Pink Truck,Set of 24 Reusable Nails,Rs. 999,Rs. 359,3.9,54,Makeup,Women,
Lancome,Idole Eye Liner - Black,Rs. 2400,Rs. 1920,0,0,Makeup,Women,
MARS,High Coverage Foundation - 06,Rs. 379,Rs. 299,4.3,1.1k,Makeup,Women,
Pilgrim,Dubai Bling Lipstick- 08,Rs. 645,Rs. 451,4.4,283,Makeup,Women,
M.A.C,In Extreme Kajal - Black,0,0,4.4,7k,Makeup,Women,
Maybelline,Fit Me Matte Foundation,Rs. 649,Rs. 369,4.5,20.9k,Makeup,Women,
LOreal,Infallible Full Wear Concealer,Rs. 849,Rs. 475,4.6,3.4k,Makeup,Women,
Lakme,CC Tinted Serum 30ml - Latte,Rs. 699,Rs. 384,4.3,161,Makeup,Women,
LICK,30pcs Artificial Nail Set,Rs. 799,Rs. 239,0,0,Makeup,Women,
Pilgrim,Lipstick- The Khalifa- 02,Rs. 645,Rs. 451,4.2,326,Makeup,Women,
Maybelline,Colossal Bold Liner - Black,Rs. 299,Rs. 170,4.5,60.7k,Makeup,Women,
LOreal,Infallible 32H Foundation-140,Rs. 1099,Rs. 571,4.3,2.2k,Makeup,Women,
Makeup Revolution London,Reloaded Combo II Eyeshadow,0,0,4.4,2.7k,Makeup,Women,
Lakme,9to5 CC Light Mousse - 03,Rs. 525,Rs. 367,4.2,1.3k,Makeup,Women,
The Pink Truck,Set Of 24 Reusable Nails,Rs. 999,Rs. 399,4.1,124,Makeup,Women,
Mamaearth,Creamy Matte Ruby Crush,Rs. 399,Rs. 335,4.3,699,Makeup,Women,
Lakme,9to5 CC Light Mousse - 1A,Rs. 525,Rs. 320,4.3,1.4k,Makeup,Women,
VEGA,NB-01 Nail Buffer,Rs. 140,Rs. 119,4.2,129,Makeup,Women,
The Pink Truck,Set of 24 Artificial Nails,Rs. 999,Rs. 399,4,50,Makeup,Women,
Lakme,CC Tinted Serum 30ml - Dolce,Rs. 749,Rs. 449,4.6,96,Makeup,Women,
FEELHIGH,24Pcs Press On Nails - A07,0,0,4.2,19,Makeup,Women,
MARS,Love Track Velvet Lip Tint,0,0,4.7,47,Makeup,Women,
Maybelline,Colossal Kajal - Deep Black,Rs. 199,Rs. 133,4.5,68.2k,Makeup,Women,
LICK,30 Pcs Matte Nails Extensions,Rs. 549,Rs. 225,4.5,26,Makeup,Women,
MARS,Love Track Velvet Lip Tint,0,0,4.6,62,Makeup,Women,
Lakme,9to5 CC Light Mousse - 04,Rs. 499,Rs. 324,4.2,348,Makeup,Women,
Clinique,Women Happy Perfume Spray,Rs. 9999,Rs. 3999,4.5,3.4k,Perfume,Unisex,
Lancome,Women Idole Eau De Parfum 50ml,Rs. 6800,Rs. 6120,4.8,216,Perfume,Unisex,
Marks & Spencer,Ocean Musk EDT - 100 ml,0,0,4.3,153,Perfume,Unisex,
Bella Vita Organic,Honey Oud Eau De Parfum 100 ml,Rs. 999,Rs. 579,4.5,5.4k,Perfume,Unisex,
Lancome,Women Idole Eau De Parfum,Rs. 9500,Rs. 8550,4.7,164,Perfume,Unisex,
Plum,BodyLovin' VanillaCaramelloEDP,Rs. 899,Rs. 629,4.5,2.3k,Perfume,Unisex,
Marks & Spencer,Magnolia EDT- 100 ml,0,0,4.6,20,Perfume,Unisex,
Prada,Women Paradoxe EDP - 50ml,Rs. 10400,Rs. 9360,4.7,74,Perfume,Unisex,
Bella Vita Organic,Unisex White Oud Perfume,Rs. 999,Rs. 579,4.4,11.2k,Perfume,Unisex,
Marks & Spencer,Fresh Mandarin Eau De Toilette 30ml,0,0,4.1,79,Perfume,Unisex,
Lancome,Women Idole EDP - 10 ml,0,0,4.8,80,Perfume,Unisex,
Calvin Klein,Everyone Eau De Toilette- 10ml,Rs. 1900,Rs. 1615,4.3,41,Perfume,Unisex,
Bella Vita Organic,4Pcs Eau de Parfum Gift Set,Rs. 849,Rs. 500,4.3,954,Perfume,Unisex,
Lancome,Women La Vie Est Belle EDP,Rs. 10500,Rs. 9450,4.7,64,Perfume,Unisex,
Plum,BodyLovin' Hawaiian Rumba EDP,Rs. 799,Rs. 559,4.5,649,Perfume,Unisex,
Bella Vita Organic,Skai Aquatic EDC - 100ml,Rs. 699,Rs. 496,4.5,7k,Perfume,Unisex,
Lancome,Women La Vie Est Belle EDP,Rs. 5500,Rs. 4950,4.3,51,Perfume,Unisex,
Marks & Spencer,Warm Neroli Eau De Toilette,0,0,4.1,85,Perfume,Unisex,
Plum,BodyLovin' Vanilla Vibes EDP,Rs. 799,Rs. 559,4.5,945,Perfume,Unisex,
Lancome,Women Idole Now Eau Da Parfum,Rs. 9500,Rs. 8550,4.9,53,Perfume,Unisex,
Arabian Aroma,Seduction Eau De Parfum- 100ml,Rs. 799,Rs. 431,4.3,1.2k,Perfume,Unisex,
Bella Vita Organic,Vanilla Gourmet EDP- 100 ml,Rs. 799,Rs. 575,4.3,530,Perfume,Unisex,
Elizabeth Arden,Women 5th Avenue Eau De Parfum,Rs. 7000,Rs. 5950,4.6,28,Perfume,Unisex,
Carlton London,Set of Him & Her EDP,Rs. 2290,Rs. 687,4.4,1.6k,Perfume,Unisex,
Carlton London,Set of 4 EDP Perfume-30ml each,Rs. 2490,Rs. 747,4.5,8.3k,Perfume,Unisex,
Lancome,Rose Eau Da Parfum-100ml,Rs. 10500,Rs. 9450,4.4,15,Perfume,Unisex,
Marks & Spencer,Spiced Amber Eau De Toilette,0,0,4.4,105,Perfume,Unisex,
GUESS,Amore Portofino EDT - 100 ml,Rs. 5900,Rs. 2360,4.4,124,Perfume,Unisex,
Carolina Herrera,Good Girl Eau de Parfum 80 ml,0,0,4.7,278,Perfume,Unisex,
Ajmal,Summer Sage Eau De Parfum,Rs. 899,Rs. 503,4.1,479,Perfume,Unisex,
Plum,BodyLovin' EDP - 50 ml,Rs. 899,Rs. 629,4.3,99,Perfume,Unisex,
Carolina Herrera,Good Girl Blush Eau de Parfum,0,0,4.3,257,Perfume,Unisex,
Bella Vita Organic,Pure Musk Eau De Parfum-100 ml,Rs. 899,Rs. 503,3.9,431,Perfume,Unisex,
Marks & Spencer,8 Pcs Eau De Toilette-2ml Each,0,0,3.8,13,Perfume,Unisex,
Yves Saint Laurent,Women Libre Eau De Parfum,0,0,4.8,23,Perfume,Unisex,
SKINN,4-Pcs 24Seven EDP- 20 ml,Rs. 1745,Rs. 1483,4.5,176,Perfume,Unisex,
Ajmal,Patchouli Haze Eau De Parfum,Rs. 899,Rs. 503,4.1,469,Perfume,Unisex,
Giorgio Armani,Women Si Eau de Parfum 100ml,Rs. 11000,Rs. 9900,4.7,126,Perfume,Unisex,
Plum,Set Of 2 Eau De Parfum - 15 ml,Rs. 640,Rs. 448,4.5,196,Perfume,Unisex,
Marks & Spencer,White Coconut EDT - 100 ml,0,0,3.8,27,Perfume,Unisex,
Carolina Herrera,Very Good Girl Eau De Parfum,0,0,0,0,Perfume,Unisex,
Ajmal,4-Pcs Perfume Gift Set- 20 ml,Rs. 1299,Rs. 1000,4.4,83,Perfume,Unisex,
Ajmal,Unisex Eau De Parfum 100 ml,Rs. 1500,Rs. 600,4.2,981,Perfume,Unisex,
Prada,Women La Femme Leau EDT- 100ml,Rs. 12000,Rs. 9600,4.6,13,Perfume,Unisex,
FRENCH ESSENCE,Bloom & Oudh Eau De Parfum,Rs. 599,Rs. 329,4.3,940,Perfume,Unisex,
GUESS,Amore Capri EDT - 100 ml,Rs. 5900,Rs. 2360,4.2,135,Perfume,Unisex,
Lancome,Women Idole Now Eau Da Parfum,Rs. 6800,Rs. 6120,4.7,45,Perfume,Unisex,
Arabian Aroma,Unisex 3 Pcs Perfume -30 ml,Rs. 1499,Rs. 644,4.3,279,Perfume,Unisex,
Marks & Spencer,Spiced Bergamot Eau De Toilette 30ml,0,0,4.3,219,Perfume,Unisex,
Yves Saint Laurent,Women Libre Flowers & Flames,0,0,4.7,15,Perfume,Unisex,
THE ORDINARY,Glycolic Acid 7% Toner - 240ml,0,0,4.7,139,Skincare,Women,
Ponds,Youthful Miracle Day Cream,Rs. 899,Rs. 404,4.5,6.4k,Skincare,Women,
deconstruct,Gel Sunscreen-SPF 55+ 50g,Rs. 349,Rs. 314,4.5,28.3k,Skincare,Women,
Plum,Niacinamide Toner 150 ml,Rs. 440,Rs. 369,4.5,49.9k,Skincare,Women,
CeraVe,Moisturizing Cream - 454 g,Rs. 1800,Rs. 1620,4.6,183,Skincare,Women,
Nivea,Set of 2 Lip Balm,Rs. 350,Rs. 185,4.6,3.3k,Skincare,Women,
Nivea,Dry Skin Body Lotion 400 ml,Rs. 550,Rs. 264,4.6,33.9k,Skincare,Women,
Olay,Retinol24 Max Night Cream 50g,Rs. 2199,Rs. 945,4.6,345,Skincare,Women,
Dabur,Set of 3 Gulabari Rose Water,Rs. 405,Rs. 222,4.6,5.6k,Skincare,Women,
Chemist at Play,Skin Brightening Roll On,Rs. 349,Rs. 314,4.3,2k,Skincare,Women,
Olay,Retinol 24 Night Cream 50g,Rs. 1999,Rs. 839,4.6,3.4k,Skincare,Women,
DOT & KEY,Vitamin C+E Sunscreen- SPF 50,Rs. 445,Rs. 387,4.5,26.6k,Skincare,Women,
FoxTale,Brightening SPF 50 Sunscreen,Rs. 349,Rs. 279,4.5,8.8k,Skincare,Women,
THE ORDINARY,Saccharomyces Milky Toner,0,0,0,0,Skincare,Women,
Lakme,Sun Expert UV Lotion,Rs. 625,Rs. 393,4.4,16.2k,Skincare,Women,
Minimalist,SPF 50 PA++++ Sunscreen,Rs. 399,Rs. 379,4.4,39.8k,Skincare,Women,
Olay,Natural Aura Day Cream 40g,Rs. 199,Rs. 159,4.5,10.3k,Skincare,Women,
Vaseline,Aloe Fresh Body Lotion 400 ml,Rs. 540,Rs. 351,4.5,6.3k,Skincare,Women,
SunScoop,Niacinamide Sunscreen - 45 ml,Rs. 449,Rs. 318,4.6,316,Skincare,Women,
Lakme,Women Brightening Creme 50 g,Rs. 399,Rs. 175,4.4,26.5k,Skincare,Women,
Nivea,SPF 15 Body Lotion - 400 ml,Rs. 550,Rs. 302,4.5,18.2k,Skincare,Women,
Plum,BodyLovin Body Lotion - 400 ml,Rs. 475,Rs. 356,4.7,5.2k,Skincare,Women,
THE ORDINARY,Multi-Active Delivery Essence,0,0,0,0,Skincare,Women,
DOT & KEY,Watermelon Sunscreen SPF50,Rs. 445,Rs. 387,4.5,15.2k,Skincare,Women,
Ponds,Oil-Free Super Light Gel,Rs. 780,Rs. 288,4.7,5.7k,Skincare,Women,
Chemist at Play,Daily Exfoliating Body Wash,Rs. 399,Rs. 339,4.6,12.9k,Skincare,Women,
Vaseline,Cocoa Glow Body Lotion 600 ml,Rs. 760,Rs. 311,4.6,10.3k,Skincare,Women,
Hyphen,All I Need SPF 50 Sunscreen,Rs. 449,Rs. 422,4.4,3.5k,Skincare,Women,
Lakme,Sun Expert Tint Hint Sunscreen,Rs. 625,Rs. 262,4.5,15.1k,Skincare,Women,
Chemist at Play,Bright Boost SPF Body Lotion,Rs. 549,Rs. 450,4.8,12,Skincare,Women,
DOT & KEY,Skin Care Watermelon Sunscreen,Rs. 595,Rs. 499,4.6,4.9k,Skincare,Women,
Olay,Super Collagen-Peptides Cream,Rs. 1999,Rs. 999,4.8,175,Skincare,Women,
WishCare,Niacinamide Fluid Sunscreen,Rs. 499,Rs. 399,4.6,4.7k,Skincare,Women,
Vaseline,Healthy Bright Body Lotion,Rs. 540,Rs. 226,4.5,14.3k,Skincare,Women,
Olay,7 In One Day Cream SPF 15 50g,Rs. 949,Rs. 474,4.6,8k,Skincare,Women,
Blue Heaven,Jelly & Butter Lip Balm- 3.2 g,Rs. 200,Rs. 134,4.5,11.8k,Skincare,Women,
DR. SHETHS,SPF 50+ Sunscreen,Rs. 499,Rs. 439,4.5,6.6k,Skincare,Women,
M.A.C,Mini Strobe Cream - Pinklite,0,0,4.6,3.9k,Skincare,Women,
DOT & KEY,Barrier Repair Sunscreen,Rs. 445,Rs. 387,4.6,5.1k,Skincare,Women,
DOT & KEY,Strawberry Dew Sunscreen - 02,Rs. 549,Rs. 488,4.6,1.4k,Skincare,Women,
Dabur,Set of 3 Gulabari Rose Water,Rs. 510,Rs. 234,4.5,977,Skincare,Women,
The Derma co.,1% Hyaluronic Sunscreen 30g,Rs. 299,Rs. 284,4.4,9.1k,Skincare,Women,
Nivea,Lip Balm Blackberry Shine 4.8g,Rs. 260,Rs. 145,4.6,16.7k,Skincare,Women,
Olay,Total Effects Night Cream 50g,Rs. 949,Rs. 474,4.6,2.5k,Skincare,Women,
MCaffeine,Escape Perfume Body Lotion,Rs. 499,Rs. 299,4.5,1.8k,Skincare,Women,
Dermatouch,Multivitamin SPF50 Sunscreen,Rs. 299,Rs. 209,4.4,832,Skincare,Women,
CeraVe,Oil Control Moisturizer -52 ml,Rs. 1200,Rs. 1020,4.6,137,Skincare,Women,
Vaseline,Intensive Care Body Lotion,Rs. 685,Rs. 376,4.6,17.9k,Skincare,Women,
The Derma co.,1% Hyaluronic Sunscreen Gel,Rs. 499,Rs. 399,4.3,251,Skincare,Women,
Lakme,Skin Lightening Light Creme,Rs. 575,Rs. 258,4.4,7.3k,Skincare,Women,
HRX by Hrithik Roshan,Colourblocked Tracksuit,Rs. 3699,Rs. 1331,4,360,SportsCloth,Women,
HRX by Hrithik Roshan,Rapid-Dry Running Jacket,Rs. 1799,Rs. 773,4.2,52,SportsCloth,Women,
Blissclub,Ultimate Tights with Pockets,Rs. 2299,Rs. 1399,4.6,4.6k,SportsCloth,Women,
HRX by Hrithik Roshan,Pack of 3 Ankle Sports Socks,Rs. 1099,Rs. 274,4.5,1.8k,SportsCloth,Women,
BLUE TYGA,Solid Hooded Sunscreen Jacket,Rs. 2999,Rs. 1299,4.3,359,SportsCloth,Women,
CULT,Printed Ankle-Length Tights,Rs. 2499,Rs. 1449,4.6,191,SportsCloth,Women,
ATHLISIS,Training or Gym Sporty Jacket,Rs. 2849,Rs. 883,4.6,1.5k,SportsCloth,Women,
Puma,Cotton Outdoor Sporty Jacket,Rs. 4299,Rs. 1504,4.5,304,SportsCloth,Women,
CAVA,Tall Hourglass Flared Tights,Rs. 2199,Rs. 1429,4.6,116,SportsCloth,Women,
IMPERATIVE,Women Dry-Fit Gym Tights,Rs. 1499,Rs. 499,4.1,1.8k,SportsCloth,Women,
CUKOO,Women Padded Halter Neck Swimming Dress,Rs. 2599,Rs. 999,4.4,271,SportsCloth,Women,
CULT,Women Mesh Panel Tights,Rs. 2799,Rs. 1595,4.6,312,SportsCloth,Women,
Domyos By Decathlon,Women Camouflage Sports Shorts,Rs. 999,Rs. 699,4.4,623,SportsCloth,Women,
HRX by Hrithik Roshan,Women Training Track pants,Rs. 1499,Rs. 464,4.2,2.4k,SportsCloth,Women,
CULT,Women Printed ComFlex Tights,Rs. 2499,Rs. 1374,0,0,SportsCloth,Women,
Keepfit,Halter Neck Leg Suit,Rs. 2999,Rs. 979,4.3,108,SportsCloth,Women,
N-Gal,Quick Dry Swimming Dress,0,0,4.5,346,SportsCloth,Women,
Speedo,Printed Endurance10 Swim Dress,Rs. 2999,Rs. 2699,4.3,28,SportsCloth,Women,
MEGASKA,Swimming Dress With Shorts,Rs. 1799,Rs. 995,4.6,16,SportsCloth,Women,
HRX by Hrithik Roshan,Women Training Tights,Rs. 2299,Rs. 551,4.3,4.8k,SportsCloth,Women,
CULT,High-Rise Tights,Rs. 1899,Rs. 1044,4.4,166,SportsCloth,Women,
Keepfit,Women Sleeveless Swim Set,Rs. 2999,Rs. 979,3.9,430,SportsCloth,Women,
Roadster,Hooded Sporty Jacket,Rs. 2599,Rs. 1013,4.1,175,SportsCloth,Women,
Triumph,Lightly Padded Sports Bra,Rs. 2999,Rs. 2399,4.5,109,SportsCloth,Women,
HRX by Hrithik Roshan,Women Rapid-Dry Track Pants,Rs. 1199,Rs. 539,4.2,439,SportsCloth,Women,
Keepfit,Swim Set With Boy Shorts,Rs. 2999,Rs. 979,4,114,SportsCloth,Women,
CULT,Women Printed Tights,Rs. 2499,Rs. 1374,4.3,15,SportsCloth,Women,
ATHLISIS,Lightweight Gym Sporty Jacket,Rs. 2849,Rs. 883,4.6,1k,SportsCloth,Women,
HRX by Hrithik Roshan,Running Rapid-Dry Tshirts,Rs. 799,Rs. 351,4.5,958,SportsCloth,Women,
CULT,Ankle-Length Running Tights,Rs. 2699,Rs. 1484,4,7,SportsCloth,Women,
HRX by Hrithik Roshan,Women Rapid-Dry Joggers,Rs. 1399,Rs. 615,4.1,860,SportsCloth,Women,
HRX by Hrithik Roshan,Colourblocked Tracksuit,Rs. 3599,Rs. 1115,3.8,189,SportsCloth,Women,
Blissclub,Bounce Control Sports Bra,Rs. 2999,Rs. 1899,4.3,515,SportsCloth,Women,
Domyos By Decathlon,Women Training or Gym Shorts,Rs. 1299,Rs. 1199,4.6,98,SportsCloth,Women,
HRX by Hrithik Roshan,Women Training Shorts,Rs. 1599,Rs. 639,4.6,5,SportsCloth,Women,
CULT,Women Performance Cotton Tight,Rs. 2299,Rs. 1264,0,0,SportsCloth,Women,
MEGASKA,Colourblocked Swimming Dress,Rs. 1899,Rs. 995,4.2,22,SportsCloth,Women,
Keepfit,Top With Skirt Swim Set,Rs. 3999,Rs. 1399,3.7,48,SportsCloth,Women,
CULT,Women Printed Tights,Rs. 2499,Rs. 1374,4.1,15,SportsCloth,Women,
Puma,ESS Women Logo Leggings,Rs. 1499,Rs. 674,4.3,489,SportsCloth,Women,
HRX by Hrithik Roshan,Women Colourblocked Tracksuit,Rs. 3899,Rs. 1325,3.4,94,SportsCloth,Women,
CAVA,Cross Back Sports Bra,Rs. 1899,Rs. 1234,3.9,12,SportsCloth,Women,
HRX by Hrithik Roshan,Women Rapid-Dry Joggers,Rs. 1599,Rs. 703,0,0,SportsCloth,Women,
UnaOne,Round Neck Cotton Tracksuits,Rs. 3999,Rs. 1599,4.3,106,SportsCloth,Women,
CAVA,Petite Hourglass Flared Tights,Rs. 2199,Rs. 1209,4.4,97,SportsCloth,Women,
Flingr,Women Dri-FIT Solid T-shirt,Rs. 999,Rs. 348,4.3,516,SportsCloth,Women,
JMT Wear,Printed 2 Piece Swim Set,Rs. 1599,Rs. 847,4,44,SportsCloth,Women,
CULT,Performance Cotton Black Tight,Rs. 2299,Rs. 1264,0,0,SportsCloth,Women,
HRX by Hrithik Roshan,Women Rapid-Dry Tights,Rs. 1199,Rs. 515,4,396,SportsCloth,Women,
Keepfit,Antibacterial Padded Legsuit,Rs. 4499,Rs. 1399,3.2,20,SportsCloth,Women,
